{"stats":{"minecraft:crafted":{"minecraft:oak_planks":116,"minecraft:cooked_porkchop":14,"minecraft:crafting_table":1,"minecraft:wooden_pickaxe":1,"minecraft:iron_helmet":1,"minecraft:iron_sword":1,"minecraft:furnace":1,"minecraft:stone_axe":1,"minecraft:bread":84,"minecraft:air":0,"minecraft:iron_boots":1,"minecraft:iron_chestplate":1,"minecraft:shield":1,"minecraft:stick":112,"minecraft:iron_ingot":39,"minecraft:iron_pickaxe":2,"minecraft:stone_pickaxe":2,"minecraft:wooden_axe":1,"minecraft:stone_sword":1,"minecraft:chest":1,"minecraft:iron_leggings":1,"minecraft:redstone_block":18,"minecraft:torch":288,"minecraft:lapis_block":8,"minecraft:raw_iron_block":8,"minecraft:wheat":252},"minecraft:used":{"minecraft:stone_sword":93,"minecraft:stone_pickaxe":260,"minecraft:chest":1,"minecraft:wooden_pickaxe":42,"minecraft:shield":48,"minecraft:iron_sword":128,"minecraft:torch":252,"minecraft:dirt":2,"minecraft:crafting_table":9,"minecraft:white_bed":3,"minecraft:wooden_axe":38,"minecraft:bread":5,"minecraft:iron_pickaxe":257,"minecraft:gravel":1,"minecraft:stone_axe":25,"minecraft:cobblestone":50,"minecraft:cooked_porkchop":14,"minecraft:furnace":2,"minecraft:porkchop":1,"minecraft:andesite":2,"minecraft:cobbled_deepslate":11},"minecraft:custom":{"minecraft:interact_with_furnace":20,"minecraft:mob_kills":77,"minecraft:interact_with_crafting_table":26,"minecraft:leave_game":2,"minecraft:time_since_death":138972,"minecraft:sleep_in_bed":2,"minecraft:climb_one_cm":1108,"minecraft:time_since_rest":25232,"minecraft:sprint_one_cm":269265,"minecraft:damage_taken":1102,"minecraft:walk_one_cm":700521,"minecraft:damage_blocked_by_shield":1020,"minecraft:drop":56,"minecraft:damage_dealt":11652,"minecraft:fly_one_cm":274379,"minecraft:open_chest":7,"minecraft:crouch_one_cm":8783,"minecraft:play_time":138972,"minecraft:sneak_time":4082,"minecraft:walk_under_water_one_cm":8011,"minecraft:jump":2127,"minecraft:walk_on_water_one_cm":17236,"minecraft:total_world_time":138972,"minecraft:fall_one_cm":35972},"minecraft:broken":{"minecraft:stone_pickaxe":1,"minecraft:iron_pickaxe":1,"minecraft:wooden_axe":1},"minecraft:dropped":{"minecraft:sugar_cane":3,"minecraft:wheat_seeds":1,"minecraft:stone_sword":1,"minecraft:cobbled_deepslate":14,"minecraft:pointed_dripstone":2,"minecraft:rotten_flesh":6,"minecraft:rail":1,"minecraft:potato":16,"minecraft:gunpowder":3,"minecraft:diorite":5,"minecraft:arrow":6,"minecraft:bow":2,"minecraft:stone_pickaxe":1,"minecraft:wooden_pickaxe":1,"minecraft:bone":3},"minecraft:killed":{"minecraft:cave_spider":6,"minecraft:pig":10,"minecraft:zombie_villager":1,"minecraft:spider":4,"minecraft:slime":14,"minecraft:creeper":1,"minecraft:skeleton":14,"minecraft:zombie":25},"minecraft:picked_up":{"minecraft:crafting_table":9,"minecraft:andesite":2,"minecraft:potato":1,"minecraft:oak_log":29,"minecraft:brewing_stand":1,"minecraft:gunpowder":3,"minecraft:string":13,"minecraft:lapis_lazuli":130,"minecraft:dirt":2,"minecraft:bone":12,"minecraft:bow":3,"minecraft:wheat_seeds":1,"minecraft:cobbled_deepslate":25,"minecraft:raw_gold":44,"minecraft:sugar_cane":3,"minecraft:oak_planks":1,"minecraft:furnace":2,"minecraft:raw_iron":180,"minecraft:oak_door":1,"minecraft:torch":9,"minecraft:gravel":1,"minecraft:porkchop":23,"minecraft:pointed_dripstone":2,"minecraft:diorite":6,"minecraft:white_bed":3,"minecraft:carrot":1,"minecraft:redstone":169,"minecraft:spider_eye":4,"minecraft:arrow":16,"minecraft:rotten_flesh":15,"minecraft:slime_ball":3,"minecraft:diamond":25,"minecraft:hay_block":70,"minecraft:emerald":1,"minecraft:rail":1,"minecraft:coal":138,"minecraft:cobblestone":71},"minecraft:mined":{"minecraft:deepslate_redstone_ore":35,"minecraft:white_bed":3,"minecraft:deepslate_diamond_ore":25,"minecraft:brewing_stand":1,"minecraft:crafting_table":9,"minecraft:torch":6,"minecraft:short_grass":1,"minecraft:grass_block":2,"minecraft:tall_grass":4,"minecraft:cobblestone":5,"minecraft:deepslate_coal_ore":1,"minecraft:deepslate_gold_ore":19,"minecraft:lapis_ore":11,"minecraft:oak_planks":1,"minecraft:sugar_cane":1,"minecraft:diorite":6,"minecraft:spawner":2,"minecraft:hay_block":70,"minecraft:redstone_ore":6,"minecraft:furnace":2,"minecraft:iron_ore":130,"minecraft:andesite":1,"minecraft:deepslate_lapis_ore":10,"minecraft:pointed_dripstone":2,"minecraft:coal_ore":137,"minecraft:oak_log":29,"minecraft:rail":1,"minecraft:deepslate_iron_ore":52,"minecraft:gravel":1,"minecraft:cobweb":9,"minecraft:stone":67,"minecraft:deepslate_emerald_ore":1,"minecraft:gold_ore":25,"minecraft:oak_leaves":3,"minecraft:deepslate":19}},"DataVersion":3955}