{"stats":{"minecraft:mined":{"minecraft:deepslate_redstone_ore":43,"minecraft:white_bed":3,"minecraft:deepslate_diamond_ore":25,"minecraft:brewing_stand":1,"minecraft:crafting_table":10,"minecraft:torch":6,"minecraft:budding_amethyst":4,"minecraft:short_grass":1,"minecraft:calcite":29,"minecraft:grass_block":2,"minecraft:tall_grass":4,"minecraft:cobblestone":5,"minecraft:deepslate_coal_ore":1,"minecraft:deepslate_gold_ore":19,"minecraft:lapis_ore":14,"minecraft:oak_planks":1,"minecraft:sugar_cane":1,"minecraft:diorite":6,"minecraft:amethyst_block":38,"minecraft:spawner":5,"minecraft:hay_block":70,"minecraft:redstone_ore":6,"minecraft:furnace":2,"minecraft:iron_ore":174,"minecraft:andesite":1,"minecraft:deepslate_lapis_ore":12,"minecraft:coal_ore":168,"minecraft:pointed_dripstone":2,"minecraft:oak_log":29,"minecraft:deepslate_iron_ore":126,"minecraft:rail":1,"minecraft:gravel":1,"minecraft:cobweb":31,"minecraft:stone":75,"minecraft:gold_ore":25,"minecraft:deepslate_emerald_ore":1,"minecraft:oak_leaves":3,"minecraft:deepslate":26},"minecraft:custom":{"minecraft:interact_with_furnace":20,"minecraft:mob_kills":84,"minecraft:interact_with_crafting_table":28,"minecraft:leave_game":3,"minecraft:time_since_death":180837,"minecraft:sleep_in_bed":3,"minecraft:climb_one_cm":1108,"minecraft:time_since_rest":21178,"minecraft:sprint_one_cm":362078,"minecraft:damage_taken":1295,"minecraft:walk_one_cm":967016,"minecraft:damage_blocked_by_shield":1146,"minecraft:drop":58,"minecraft:damage_dealt":12763,"minecraft:fly_one_cm":285013,"minecraft:open_chest":7,"minecraft:play_time":180837,"minecraft:crouch_one_cm":10375,"minecraft:walk_under_water_one_cm":8011,"minecraft:sneak_time":4521,"minecraft:jump":2400,"minecraft:walk_on_water_one_cm":17325,"minecraft:total_world_time":180837,"minecraft:fall_one_cm":37859},"minecraft:broken":{"minecraft:stone_pickaxe":1,"minecraft:iron_pickaxe":2,"minecraft:wooden_axe":1},"minecraft:used":{"minecraft:stone_sword":93,"minecraft:stone_pickaxe":260,"minecraft:wooden_pickaxe":42,"minecraft:chest":1,"minecraft:shield":53,"minecraft:iron_sword":173,"minecraft:torch":339,"minecraft:dirt":2,"minecraft:crafting_table":11,"minecraft:white_bed":3,"minecraft:wooden_axe":38,"minecraft:bread":13,"minecraft:iron_pickaxe":508,"minecraft:gravel":1,"minecraft:stone_axe":26,"minecraft:cobblestone":63,"minecraft:furnace":2,"minecraft:porkchop":1,"minecraft:cooked_porkchop":14,"minecraft:andesite":2,"minecraft:cobbled_deepslate":15},"minecraft:dropped":{"minecraft:sugar_cane":3,"minecraft:wheat_seeds":1,"minecraft:stone_sword":1,"minecraft:cobbled_deepslate":15,"minecraft:pointed_dripstone":2,"minecraft:rotten_flesh":6,"minecraft:rail":1,"minecraft:potato":16,"minecraft:gunpowder":3,"minecraft:diorite":5,"minecraft:arrow":6,"minecraft:bow":2,"minecraft:stone_pickaxe":1,"minecraft:wooden_pickaxe":1,"minecraft:bone":5},"minecraft:picked_up":{"minecraft:crafting_table":10,"minecraft:andesite":2,"minecraft:potato":1,"minecraft:oak_log":29,"minecraft:brewing_stand":1,"minecraft:gunpowder":3,"minecraft:amethyst_block":36,"minecraft:lapis_lazuli":159,"minecraft:dirt":2,"minecraft:string":34,"minecraft:bone":12,"minecraft:bow":3,"minecraft:wheat_seeds":1,"minecraft:cobbled_deepslate":33,"minecraft:raw_gold":44,"minecraft:calcite":27,"minecraft:sugar_cane":3,"minecraft:oak_planks":3,"minecraft:furnace":2,"minecraft:raw_iron":298,"minecraft:oak_door":1,"minecraft:torch":10,"minecraft:gravel":1,"minecraft:porkchop":23,"minecraft:amethyst_shard":2,"minecraft:pointed_dripstone":2,"minecraft:diorite":6,"minecraft:white_bed":3,"minecraft:carrot":1,"minecraft:redstone":205,"minecraft:spider_eye":6,"minecraft:arrow":16,"minecraft:rotten_flesh":17,"minecraft:slime_ball":3,"minecraft:diamond":25,"minecraft:hay_block":70,"minecraft:emerald":1,"minecraft:coal":168,"minecraft:rail":2,"minecraft:cobblestone":82},"minecraft:crafted":{"minecraft:oak_planks":116,"minecraft:redstone":162,"minecraft:cooked_porkchop":14,"minecraft:crafting_table":1,"minecraft:iron_helmet":1,"minecraft:wooden_pickaxe":1,"minecraft:iron_sword":1,"minecraft:furnace":1,"minecraft:stone_axe":1,"minecraft:bread":84,"minecraft:air":0,"minecraft:iron_boots":1,"minecraft:iron_chestplate":1,"minecraft:shield":1,"minecraft:stick":112,"minecraft:iron_ingot":39,"minecraft:iron_pickaxe":3,"minecraft:stone_pickaxe":2,"minecraft:wooden_axe":1,"minecraft:stone_sword":1,"minecraft:chest":1,"minecraft:iron_leggings":1,"minecraft:redstone_block":37,"minecraft:torch":308,"minecraft:lapis_block":16,"minecraft:wheat":252,"minecraft:raw_iron_block":20},"minecraft:killed":{"minecraft:cave_spider":11,"minecraft:pig":10,"minecraft:zombie_villager":1,"minecraft:spider":4,"minecraft:slime":14,"minecraft:creeper":1,"minecraft:skeleton":15,"minecraft:zombie":26}},"DataVersion":3955}