{"stats":{"minecraft:crafted":{"minecraft:oak_planks":48,"minecraft:cooked_porkchop":14,"minecraft:shield":1,"minecraft:crafting_table":1,"minecraft:stick":12,"minecraft:wooden_pickaxe":1,"minecraft:iron_ingot":1,"minecraft:stone_pickaxe":1,"minecraft:wooden_axe":1,"minecraft:furnace":1,"minecraft:torch":24},"minecraft:used":{"minecraft:wooden_axe":20,"minecraft:stone_pickaxe":17,"minecraft:wooden_pickaxe":14,"minecraft:torch":4,"minecraft:crafting_table":4,"minecraft:furnace":1,"minecraft:cooked_porkchop":2},"minecraft:custom":{"minecraft:time_since_rest":15088,"minecraft:interact_with_furnace":8,"minecraft:sprint_one_cm":41198,"minecraft:damage_taken":12,"minecraft:walk_one_cm":63444,"minecraft:mob_kills":7,"minecraft:damage_dealt":700,"minecraft:interact_with_crafting_table":6,"minecraft:fly_one_cm":53173,"minecraft:crouch_one_cm":215,"minecraft:play_time":15088,"minecraft:sneak_time":75,"minecraft:walk_under_water_one_cm":1346,"minecraft:jump":343,"minecraft:leave_game":2,"minecraft:time_since_death":15088,"minecraft:walk_on_water_one_cm":5689,"minecraft:total_world_time":15088,"minecraft:fall_one_cm":6957},"minecraft:killed":{"minecraft:pig":7},"minecraft:picked_up":{"minecraft:crafting_table":4,"minecraft:raw_iron":1,"minecraft:torch":3,"minecraft:porkchop":14,"minecraft:oak_log":12,"minecraft:sugar_cane":3,"minecraft:coal":13,"minecraft:cobblestone":16,"minecraft:furnace":1},"minecraft:mined":{"minecraft:furnace":1,"minecraft:iron_ore":1,"minecraft:crafting_table":4,"minecraft:torch":3,"minecraft:oak_log":12,"minecraft:coal_ore":13,"minecraft:stone":16,"minecraft:sugar_cane":1}},"DataVersion":3955}