{"stats":{"minecraft:crafted":{"minecraft:oak_planks":48,"minecraft:cooked_porkchop":14,"minecraft:shield":1,"minecraft:crafting_table":1,"minecraft:stick":12,"minecraft:wooden_pickaxe":1,"minecraft:iron_ingot":1,"minecraft:stone_pickaxe":1,"minecraft:wooden_axe":1,"minecraft:furnace":1,"minecraft:torch":24},"minecraft:used":{"minecraft:wooden_axe":32,"minecraft:stone_pickaxe":45,"minecraft:shield":5,"minecraft:wooden_pickaxe":25,"minecraft:torch":14,"minecraft:cobblestone":15,"minecraft:crafting_table":4,"minecraft:furnace":1,"minecraft:cooked_porkchop":3},"minecraft:custom":{"minecraft:time_since_rest":24972,"minecraft:interact_with_furnace":8,"minecraft:sprint_one_cm":66863,"minecraft:damage_taken":142,"minecraft:walk_one_cm":112475,"minecraft:damage_blocked_by_shield":67,"minecraft:mob_kills":10,"minecraft:damage_dealt":1232,"minecraft:interact_with_crafting_table":6,"minecraft:fly_one_cm":93767,"minecraft:open_chest":1,"minecraft:crouch_one_cm":482,"minecraft:play_time":24972,"minecraft:sneak_time":291,"minecraft:walk_under_water_one_cm":1346,"minecraft:jump":578,"minecraft:leave_game":2,"minecraft:walk_on_water_one_cm":5689,"minecraft:time_since_death":24972,"minecraft:climb_one_cm":1108,"minecraft:total_world_time":24972,"minecraft:fall_one_cm":11775},"minecraft:killed":{"minecraft:pig":10},"minecraft:picked_up":{"minecraft:crafting_table":4,"minecraft:raw_iron":1,"minecraft:oak_door":1,"minecraft:torch":5,"minecraft:porkchop":23,"minecraft:oak_log":12,"minecraft:brewing_stand":1,"minecraft:white_bed":1,"minecraft:wheat_seeds":1,"minecraft:hay_block":28,"minecraft:sugar_cane":3,"minecraft:coal":38,"minecraft:cobblestone":28,"minecraft:furnace":1},"minecraft:mined":{"minecraft:hay_block":28,"minecraft:white_bed":1,"minecraft:furnace":1,"minecraft:iron_ore":1,"minecraft:brewing_stand":1,"minecraft:crafting_table":4,"minecraft:torch":5,"minecraft:short_grass":1,"minecraft:oak_log":12,"minecraft:coal_ore":38,"minecraft:tall_grass":4,"minecraft:stone":28,"minecraft:sugar_cane":1,"minecraft:oak_leaves":2}},"DataVersion":3955}