{"stats":{"minecraft:crafted":{"minecraft:oak_planks":48,"minecraft:cooked_porkchop":14,"minecraft:shield":1,"minecraft:crafting_table":1,"minecraft:stick":16,"minecraft:wooden_pickaxe":1,"minecraft:iron_ingot":1,"minecraft:stone_pickaxe":1,"minecraft:wooden_axe":1,"minecraft:stone_sword":1,"minecraft:furnace":1,"minecraft:torch":24,"minecraft:stone_axe":1,"minecraft:bread":84,"minecraft:wheat":252},"minecraft:used":{"minecraft:wooden_axe":38,"minecraft:stone_sword":4,"minecraft:stone_pickaxe":75,"minecraft:shield":6,"minecraft:wooden_pickaxe":30,"minecraft:stone_axe":19,"minecraft:torch":16,"minecraft:cobblestone":15,"minecraft:crafting_table":5,"minecraft:porkchop":1,"minecraft:furnace":1,"minecraft:cooked_porkchop":6},"minecraft:custom":{"minecraft:time_since_rest":36972,"minecraft:interact_with_furnace":8,"minecraft:sprint_one_cm":101388,"minecraft:damage_taken":287,"minecraft:walk_one_cm":154753,"minecraft:damage_blocked_by_shield":102,"minecraft:mob_kills":13,"minecraft:damage_dealt":1668,"minecraft:interact_with_crafting_table":11,"minecraft:fly_one_cm":134361,"minecraft:open_chest":3,"minecraft:crouch_one_cm":1066,"minecraft:play_time":36972,"minecraft:sneak_time":784,"minecraft:walk_under_water_one_cm":3238,"minecraft:jump":792,"minecraft:leave_game":2,"minecraft:walk_on_water_one_cm":6548,"minecraft:time_since_death":36972,"minecraft:climb_one_cm":1108,"minecraft:total_world_time":36972,"minecraft:fall_one_cm":17962},"minecraft:broken":{"minecraft:wooden_axe":1},"minecraft:killed":{"minecraft:skeleton":1,"minecraft:zombie":2,"minecraft:pig":10},"minecraft:picked_up":{"minecraft:crafting_table":5,"minecraft:raw_iron":2,"minecraft:oak_door":1,"minecraft:torch":5,"minecraft:porkchop":23,"minecraft:oak_log":29,"minecraft:brewing_stand":1,"minecraft:white_bed":1,"minecraft:bone":2,"minecraft:arrow":1,"minecraft:wheat_seeds":1,"minecraft:hay_block":70,"minecraft:sugar_cane":3,"minecraft:coal":63,"minecraft:cobblestone":37,"minecraft:furnace":1},"minecraft:mined":{"minecraft:hay_block":70,"minecraft:white_bed":1,"minecraft:furnace":1,"minecraft:iron_ore":2,"minecraft:brewing_stand":1,"minecraft:crafting_table":5,"minecraft:torch":5,"minecraft:short_grass":1,"minecraft:oak_log":29,"minecraft:coal_ore":63,"minecraft:tall_grass":4,"minecraft:stone":37,"minecraft:sugar_cane":1,"minecraft:oak_leaves":3}},"DataVersion":3955}