{"stats":{"minecraft:crafted":{"minecraft:oak_planks":116,"minecraft:cooked_porkchop":14,"minecraft:crafting_table":1,"minecraft:wooden_pickaxe":1,"minecraft:furnace":1,"minecraft:stone_axe":1,"minecraft:bread":84,"minecraft:shield":1,"minecraft:stick":72,"minecraft:iron_ingot":1,"minecraft:stone_pickaxe":2,"minecraft:wooden_axe":1,"minecraft:stone_sword":1,"minecraft:torch":24,"minecraft:wheat":252},"minecraft:used":{"minecraft:stone_sword":19,"minecraft:stone_pickaxe":164,"minecraft:wooden_pickaxe":42,"minecraft:shield":6,"minecraft:torch":22,"minecraft:crafting_table":6,"minecraft:wooden_axe":38,"minecraft:gravel":1,"minecraft:stone_axe":20,"minecraft:cobblestone":23,"minecraft:cooked_porkchop":6,"minecraft:furnace":1,"minecraft:porkchop":1},"minecraft:custom":{"minecraft:interact_with_furnace":8,"minecraft:mob_kills":27,"minecraft:interact_with_crafting_table":12,"minecraft:leave_game":2,"minecraft:time_since_death":48972,"minecraft:climb_one_cm":1108,"minecraft:time_since_rest":48972,"minecraft:sprint_one_cm":117419,"minecraft:damage_taken":297,"minecraft:walk_one_cm":197446,"minecraft:damage_blocked_by_shield":102,"minecraft:drop":1,"minecraft:damage_dealt":2048,"minecraft:fly_one_cm":153210,"minecraft:open_chest":3,"minecraft:crouch_one_cm":1684,"minecraft:play_time":48972,"minecraft:sneak_time":959,"minecraft:walk_under_water_one_cm":6695,"minecraft:jump":989,"minecraft:walk_on_water_one_cm":13238,"minecraft:total_world_time":48972,"minecraft:fall_one_cm":20772},"minecraft:broken":{"minecraft:stone_pickaxe":1,"minecraft:wooden_axe":1},"minecraft:dropped":{"minecraft:diorite":1},"minecraft:killed":{"minecraft:pig":10,"minecraft:slime":14,"minecraft:skeleton":1,"minecraft:zombie":2},"minecraft:picked_up":{"minecraft:crafting_table":6,"minecraft:oak_log":29,"minecraft:brewing_stand":1,"minecraft:lapis_lazuli":19,"minecraft:dirt":2,"minecraft:bone":2,"minecraft:wheat_seeds":1,"minecraft:sugar_cane":3,"minecraft:furnace":1,"minecraft:raw_iron":22,"minecraft:oak_door":1,"minecraft:torch":5,"minecraft:gravel":1,"minecraft:porkchop":23,"minecraft:diorite":1,"minecraft:white_bed":1,"minecraft:arrow":1,"minecraft:slime_ball":3,"minecraft:hay_block":70,"minecraft:coal":112,"minecraft:cobblestone":62},"minecraft:mined":{"minecraft:white_bed":1,"minecraft:brewing_stand":1,"minecraft:crafting_table":6,"minecraft:torch":5,"minecraft:short_grass":1,"minecraft:grass_block":2,"minecraft:tall_grass":4,"minecraft:cobblestone":5,"minecraft:lapis_ore":1,"minecraft:sugar_cane":1,"minecraft:diorite":1,"minecraft:hay_block":70,"minecraft:furnace":1,"minecraft:iron_ore":17,"minecraft:deepslate_lapis_ore":2,"minecraft:coal_ore":112,"minecraft:oak_log":29,"minecraft:deepslate_iron_ore":5,"minecraft:gravel":1,"minecraft:stone":57,"minecraft:oak_leaves":3}},"DataVersion":3955}