{"stats":{"minecraft:crafted":{"minecraft:oak_planks":116,"minecraft:cooked_porkchop":14,"minecraft:crafting_table":1,"minecraft:wooden_pickaxe":1,"minecraft:iron_helmet":1,"minecraft:furnace":1,"minecraft:stone_axe":1,"minecraft:bread":84,"minecraft:air":0,"minecraft:iron_boots":1,"minecraft:iron_chestplate":1,"minecraft:shield":1,"minecraft:stick":72,"minecraft:iron_ingot":39,"minecraft:iron_pickaxe":2,"minecraft:stone_pickaxe":2,"minecraft:wooden_axe":1,"minecraft:stone_sword":1,"minecraft:iron_leggings":1,"minecraft:torch":88,"minecraft:wheat":252},"minecraft:used":{"minecraft:stone_sword":69,"minecraft:stone_pickaxe":260,"minecraft:wooden_pickaxe":42,"minecraft:shield":20,"minecraft:torch":74,"minecraft:dirt":2,"minecraft:crafting_table":7,"minecraft:white_bed":1,"minecraft:wooden_axe":38,"minecraft:iron_pickaxe":35,"minecraft:gravel":1,"minecraft:stone_axe":21,"minecraft:cobblestone":39,"minecraft:cooked_porkchop":8,"minecraft:furnace":2,"minecraft:porkchop":1,"minecraft:cobbled_deepslate":4},"minecraft:custom":{"minecraft:interact_with_furnace":20,"minecraft:mob_kills":39,"minecraft:interact_with_crafting_table":21,"minecraft:leave_game":2,"minecraft:time_since_death":78972,"minecraft:sleep_in_bed":1,"minecraft:climb_one_cm":1108,"minecraft:time_since_rest":21251,"minecraft:sprint_one_cm":126981,"minecraft:damage_taken":530,"minecraft:walk_one_cm":307187,"minecraft:damage_blocked_by_shield":321,"minecraft:drop":31,"minecraft:damage_dealt":4443,"minecraft:fly_one_cm":161921,"minecraft:open_chest":3,"minecraft:crouch_one_cm":6418,"minecraft:play_time":78972,"minecraft:sneak_time":3407,"minecraft:walk_under_water_one_cm":8011,"minecraft:jump":1267,"minecraft:walk_on_water_one_cm":16428,"minecraft:total_world_time":78972,"minecraft:fall_one_cm":25228},"minecraft:broken":{"minecraft:stone_pickaxe":1,"minecraft:wooden_axe":1},"minecraft:dropped":{"minecraft:sugar_cane":3,"minecraft:wheat_seeds":1,"minecraft:potato":15,"minecraft:diorite":5,"minecraft:arrow":4,"minecraft:stone_pickaxe":1,"minecraft:wooden_pickaxe":1,"minecraft:bone":1},"minecraft:killed":{"minecraft:pig":10,"minecraft:slime":14,"minecraft:skeleton":5,"minecraft:zombie":9},"minecraft:picked_up":{"minecraft:crafting_table":7,"minecraft:andesite":1,"minecraft:potato":1,"minecraft:oak_log":29,"minecraft:brewing_stand":1,"minecraft:lapis_lazuli":51,"minecraft:dirt":2,"minecraft:bone":5,"minecraft:wheat_seeds":1,"minecraft:cobbled_deepslate":4,"minecraft:raw_gold":4,"minecraft:sugar_cane":3,"minecraft:furnace":2,"minecraft:raw_iron":96,"minecraft:oak_door":1,"minecraft:torch":8,"minecraft:gravel":1,"minecraft:porkchop":23,"minecraft:pointed_dripstone":2,"minecraft:diorite":5,"minecraft:white_bed":2,"minecraft:redstone":58,"minecraft:arrow":6,"minecraft:rotten_flesh":5,"minecraft:slime_ball":3,"minecraft:diamond":1,"minecraft:hay_block":70,"minecraft:coal":128,"minecraft:cobblestone":70},"minecraft:mined":{"minecraft:deepslate_redstone_ore":9,"minecraft:white_bed":2,"minecraft:deepslate_diamond_ore":1,"minecraft:brewing_stand":1,"minecraft:crafting_table":7,"minecraft:torch":5,"minecraft:short_grass":1,"minecraft:grass_block":2,"minecraft:tall_grass":4,"minecraft:cobblestone":5,"minecraft:lapis_ore":1,"minecraft:sugar_cane":1,"minecraft:diorite":5,"minecraft:hay_block":70,"minecraft:redstone_ore":4,"minecraft:furnace":2,"minecraft:iron_ore":75,"minecraft:deepslate_lapis_ore":7,"minecraft:pointed_dripstone":2,"minecraft:coal_ore":128,"minecraft:oak_log":29,"minecraft:deepslate_iron_ore":21,"minecraft:gravel":1,"minecraft:stone":66,"minecraft:gold_ore":4,"minecraft:oak_leaves":3,"minecraft:deepslate":4}},"DataVersion":3955}