{"stats":{"minecraft:mined":{"minecraft:white_bed":4,"minecraft:deepslate_diamond_ore":25,"minecraft:cherry_log":10,"minecraft:brewing_stand":1,"minecraft:granite":3,"minecraft:budding_amethyst":22,"minecraft:grass_block":7,"minecraft:spawner":5,"minecraft:hay_block":70,"minecraft:redstone_ore":8,"minecraft:furnace":2,"minecraft:iron_ore":223,"minecraft:andesite":34,"minecraft:deepslate_lapis_ore":14,"minecraft:azure_bluet":1,"minecraft:pointed_dripstone":9,"minecraft:deepslate_iron_ore":128,"minecraft:rail":2,"minecraft:stone":271,"minecraft:deepslate_redstone_ore":49,"minecraft:crafting_table":12,"minecraft:torch":7,"minecraft:short_grass":4,"minecraft:calcite":198,"minecraft:tall_grass":4,"minecraft:copper_ore":11,"minecraft:cobblestone":6,"minecraft:deepslate_coal_ore":1,"minecraft:lapis_ore":14,"minecraft:deepslate_gold_ore":19,"minecraft:sugar_cane":1,"minecraft:oak_planks":1,"minecraft:diorite":6,"minecraft:wall_torch":1,"minecraft:amethyst_block":252,"minecraft:pink_petals":53,"minecraft:oak_log":32,"minecraft:coal_ore":173,"minecraft:cherry_leaves":5,"minecraft:gravel":11,"minecraft:dirt":30,"minecraft:cobweb":31,"minecraft:smooth_basalt":1,"minecraft:gold_ore":27,"minecraft:oak_leaves":3,"minecraft:deepslate_emerald_ore":1,"minecraft:deepslate":26},"minecraft:broken":{"minecraft:stone_pickaxe":1,"minecraft:iron_pickaxe":4,"minecraft:wooden_axe":1},"minecraft:custom":{"minecraft:mob_kills":93,"minecraft:interact_with_crafting_table":36,"minecraft:leave_game":3,"minecraft:time_since_death":234837,"minecraft:climb_one_cm":1108,"minecraft:sprint_one_cm":396494,"minecraft:walk_one_cm":1147201,"minecraft:damage_blocked_by_shield":1426,"minecraft:drop":124,"minecraft:play_time":234837,"minecraft:sneak_time":4717,"minecraft:walk_under_water_one_cm":8499,"minecraft:jump":3007,"minecraft:walk_on_water_one_cm":22055,"minecraft:total_world_time":234837,"minecraft:interact_with_furnace":20,"minecraft:sleep_in_bed":4,"minecraft:time_since_rest":5086,"minecraft:damage_taken":1537,"minecraft:damage_dealt":14256,"minecraft:fly_one_cm":317549,"minecraft:open_chest":7,"minecraft:crouch_one_cm":10832,"minecraft:fall_one_cm":45993},"minecraft:used":{"minecraft:stone_sword":93,"minecraft:chest":1,"minecraft:shield":63,"minecraft:iron_sword":203,"minecraft:torch":386,"minecraft:dirt":6,"minecraft:wooden_axe":38,"minecraft:furnace":2,"minecraft:cobbled_deepslate":15,"minecraft:stone_pickaxe":260,"minecraft:oak_planks":22,"minecraft:wooden_pickaxe":42,"minecraft:crafting_table":15,"minecraft:white_bed":4,"minecraft:oak_log":1,"minecraft:bread":18,"minecraft:iron_pickaxe":1238,"minecraft:gravel":1,"minecraft:stone_axe":48,"minecraft:cobblestone":76,"minecraft:cooked_porkchop":14,"minecraft:porkchop":1,"minecraft:andesite":2},"minecraft:dropped":{"minecraft:wheat_seeds":1,"minecraft:cobblestone":48,"minecraft:rail":2,"minecraft:dirt":16,"minecraft:diorite":5,"minecraft:string":3,"minecraft:pink_petals":77,"minecraft:white_wool":2,"minecraft:redstone":4,"minecraft:bone":5,"minecraft:smooth_basalt":1,"minecraft:sugar_cane":3,"minecraft:stone_sword":1,"minecraft:cobbled_deepslate":15,"minecraft:pointed_dripstone":2,"minecraft:rotten_flesh":8,"minecraft:oak_planks":2,"minecraft:potato":16,"minecraft:gunpowder":3,"minecraft:spider_eye":4,"minecraft:arrow":6,"minecraft:bow":4,"minecraft:wooden_pickaxe":1,"minecraft:stone_pickaxe":1},"minecraft:picked_up":{"minecraft:crafting_table":12,"minecraft:brewing_stand":1,"minecraft:amethyst_block":249,"minecraft:string":36,"minecraft:cobbled_deepslate":33,"minecraft:calcite":192,"minecraft:sugar_cane":3,"minecraft:furnace":2,"minecraft:raw_iron":347,"minecraft:oak_door":1,"minecraft:torch":12,"minecraft:porkchop":23,"minecraft:cherry_log":10,"minecraft:pointed_dripstone":14,"minecraft:diorite":6,"minecraft:carrot":1,"minecraft:redstone":239,"minecraft:arrow":16,"minecraft:rotten_flesh":17,"minecraft:hay_block":70,"minecraft:cobblestone":200,"minecraft:rail":2,"minecraft:pink_petals":141,"minecraft:andesite":2,"minecraft:potato":1,"minecraft:oak_log":32,"minecraft:gunpowder":3,"minecraft:lapis_lazuli":167,"minecraft:dirt":22,"minecraft:bone":12,"minecraft:bow":4,"minecraft:wheat_seeds":1,"minecraft:raw_gold":46,"minecraft:oak_planks":3,"minecraft:smooth_basalt":1,"minecraft:gravel":1,"minecraft:amethyst_shard":8,"minecraft:white_bed":4,"minecraft:spider_eye":8,"minecraft:slime_ball":3,"minecraft:diamond":25,"minecraft:emerald":1,"minecraft:coal":173},"minecraft:crafted":{"minecraft:oak_planks":124,"minecraft:redstone":162,"minecraft:furnace":1,"minecraft:iron_boots":1,"minecraft:stone_pickaxe":2,"minecraft:chest":1,"minecraft:redstone_block":46,"minecraft:raw_iron_block":34,"minecraft:wheat":252,"minecraft:cooked_porkchop":14,"minecraft:crafting_table":3,"minecraft:wooden_pickaxe":1,"minecraft:iron_helmet":1,"minecraft:iron_sword":1,"minecraft:stone_axe":1,"minecraft:bread":84,"minecraft:air":0,"minecraft:white_wool":5,"minecraft:iron_chestplate":1,"minecraft:shield":1,"minecraft:stick":136,"minecraft:iron_ingot":39,"minecraft:iron_pickaxe":5,"minecraft:wooden_axe":1,"minecraft:stone_sword":1,"minecraft:iron_leggings":1,"minecraft:white_bed":1,"minecraft:torch":368,"minecraft:lapis_block":16},"minecraft:killed":{"minecraft:cave_spider":11,"minecraft:spider":4,"minecraft:slime":14,"minecraft:skeleton":23,"minecraft:pig":10,"minecraft:zombie_villager":1,"minecraft:creeper":1,"minecraft:zombie":27}},"DataVersion":3955}