{"stats":{"minecraft:crafted":{"minecraft:oak_planks":116,"minecraft:cooked_porkchop":14,"minecraft:crafting_table":1,"minecraft:wooden_pickaxe":1,"minecraft:iron_helmet":1,"minecraft:iron_sword":1,"minecraft:furnace":1,"minecraft:stone_axe":1,"minecraft:bread":84,"minecraft:air":0,"minecraft:iron_boots":1,"minecraft:iron_chestplate":1,"minecraft:shield":1,"minecraft:stick":72,"minecraft:iron_ingot":39,"minecraft:iron_pickaxe":2,"minecraft:stone_pickaxe":2,"minecraft:wooden_axe":1,"minecraft:stone_sword":1,"minecraft:chest":1,"minecraft:iron_leggings":1,"minecraft:redstone_block":18,"minecraft:torch":224,"minecraft:lapis_block":8,"minecraft:raw_iron_block":8,"minecraft:wheat":252},"minecraft:used":{"minecraft:stone_sword":93,"minecraft:stone_pickaxe":260,"minecraft:chest":1,"minecraft:wooden_pickaxe":42,"minecraft:shield":36,"minecraft:iron_sword":95,"minecraft:torch":221,"minecraft:dirt":2,"minecraft:crafting_table":9,"minecraft:white_bed":3,"minecraft:wooden_axe":38,"minecraft:bread":3,"minecraft:iron_pickaxe":185,"minecraft:gravel":1,"minecraft:stone_axe":25,"minecraft:cobblestone":48,"minecraft:cooked_porkchop":14,"minecraft:furnace":2,"minecraft:porkchop":1,"minecraft:andesite":2,"minecraft:cobbled_deepslate":11},"minecraft:custom":{"minecraft:interact_with_furnace":20,"minecraft:mob_kills":69,"minecraft:interact_with_crafting_table":26,"minecraft:leave_game":2,"minecraft:time_since_death":126972,"minecraft:sleep_in_bed":2,"minecraft:climb_one_cm":1108,"minecraft:time_since_rest":13232,"minecraft:sprint_one_cm":257302,"minecraft:damage_taken":989,"minecraft:walk_one_cm":611103,"minecraft:damage_blocked_by_shield":735,"minecraft:drop":56,"minecraft:damage_dealt":10551,"minecraft:fly_one_cm":273669,"minecraft:open_chest":7,"minecraft:crouch_one_cm":7585,"minecraft:play_time":126972,"minecraft:sneak_time":3767,"minecraft:walk_under_water_one_cm":8011,"minecraft:jump":2065,"minecraft:walk_on_water_one_cm":17236,"minecraft:total_world_time":126972,"minecraft:fall_one_cm":35972},"minecraft:broken":{"minecraft:stone_pickaxe":1,"minecraft:wooden_axe":1},"minecraft:dropped":{"minecraft:sugar_cane":3,"minecraft:wheat_seeds":1,"minecraft:stone_sword":1,"minecraft:cobbled_deepslate":14,"minecraft:pointed_dripstone":2,"minecraft:rotten_flesh":6,"minecraft:rail":1,"minecraft:potato":16,"minecraft:gunpowder":3,"minecraft:diorite":5,"minecraft:arrow":6,"minecraft:bow":2,"minecraft:stone_pickaxe":1,"minecraft:wooden_pickaxe":1,"minecraft:bone":3},"minecraft:killed":{"minecraft:pig":10,"minecraft:zombie_villager":1,"minecraft:spider":4,"minecraft:slime":14,"minecraft:creeper":1,"minecraft:skeleton":12,"minecraft:zombie":25},"minecraft:picked_up":{"minecraft:crafting_table":9,"minecraft:andesite":2,"minecraft:potato":1,"minecraft:oak_log":29,"minecraft:brewing_stand":1,"minecraft:gunpowder":3,"minecraft:string":1,"minecraft:lapis_lazuli":108,"minecraft:dirt":2,"minecraft:bone":10,"minecraft:bow":2,"minecraft:wheat_seeds":1,"minecraft:cobbled_deepslate":25,"minecraft:raw_gold":32,"minecraft:sugar_cane":3,"minecraft:oak_planks":1,"minecraft:furnace":2,"minecraft:raw_iron":141,"minecraft:oak_door":1,"minecraft:torch":9,"minecraft:gravel":1,"minecraft:porkchop":23,"minecraft:pointed_dripstone":2,"minecraft:diorite":5,"minecraft:white_bed":3,"minecraft:carrot":1,"minecraft:redstone":169,"minecraft:spider_eye":1,"minecraft:arrow":14,"minecraft:rotten_flesh":15,"minecraft:slime_ball":3,"minecraft:diamond":25,"minecraft:hay_block":70,"minecraft:rail":1,"minecraft:coal":128,"minecraft:cobblestone":70},"minecraft:mined":{"minecraft:deepslate_redstone_ore":35,"minecraft:white_bed":3,"minecraft:deepslate_diamond_ore":25,"minecraft:brewing_stand":1,"minecraft:crafting_table":9,"minecraft:torch":6,"minecraft:short_grass":1,"minecraft:grass_block":2,"minecraft:tall_grass":4,"minecraft:cobblestone":5,"minecraft:deepslate_gold_ore":19,"minecraft:lapis_ore":7,"minecraft:oak_planks":1,"minecraft:sugar_cane":1,"minecraft:diorite":5,"minecraft:hay_block":70,"minecraft:redstone_ore":6,"minecraft:furnace":2,"minecraft:iron_ore":94,"minecraft:andesite":1,"minecraft:deepslate_lapis_ore":10,"minecraft:pointed_dripstone":2,"minecraft:coal_ore":128,"minecraft:oak_log":29,"minecraft:rail":1,"minecraft:deepslate_iron_ore":48,"minecraft:gravel":1,"minecraft:stone":66,"minecraft:gold_ore":13,"minecraft:oak_leaves":3,"minecraft:deepslate":18}},"DataVersion":3955}