{"stats":{"minecraft:crafted":{"minecraft:oak_planks":116,"minecraft:cooked_porkchop":14,"minecraft:crafting_table":1,"minecraft:wooden_pickaxe":1,"minecraft:iron_helmet":1,"minecraft:furnace":1,"minecraft:stone_axe":1,"minecraft:bread":84,"minecraft:air":0,"minecraft:iron_boots":1,"minecraft:iron_chestplate":1,"minecraft:shield":1,"minecraft:stick":72,"minecraft:iron_ingot":39,"minecraft:iron_pickaxe":2,"minecraft:stone_pickaxe":2,"minecraft:wooden_axe":1,"minecraft:stone_sword":1,"minecraft:iron_leggings":1,"minecraft:torch":88,"minecraft:wheat":252},"minecraft:used":{"minecraft:stone_sword":28,"minecraft:stone_pickaxe":195,"minecraft:wooden_pickaxe":42,"minecraft:shield":17,"minecraft:torch":32,"minecraft:dirt":2,"minecraft:crafting_table":7,"minecraft:white_bed":1,"minecraft:wooden_axe":38,"minecraft:gravel":1,"minecraft:stone_axe":21,"minecraft:cobblestone":26,"minecraft:cooked_porkchop":6,"minecraft:furnace":2,"minecraft:porkchop":1,"minecraft:cobbled_deepslate":2},"minecraft:custom":{"minecraft:interact_with_furnace":20,"minecraft:mob_kills":30,"minecraft:interact_with_crafting_table":21,"minecraft:leave_game":2,"minecraft:time_since_death":60972,"minecraft:sleep_in_bed":1,"minecraft:climb_one_cm":1108,"minecraft:time_since_rest":3251,"minecraft:sprint_one_cm":118356,"minecraft:damage_taken":352,"minecraft:walk_one_cm":209451,"minecraft:damage_blocked_by_shield":217,"minecraft:drop":30,"minecraft:damage_dealt":2595,"minecraft:fly_one_cm":153621,"minecraft:open_chest":3,"minecraft:crouch_one_cm":2118,"minecraft:play_time":60972,"minecraft:sneak_time":1231,"minecraft:walk_under_water_one_cm":6695,"minecraft:jump":1038,"minecraft:walk_on_water_one_cm":14604,"minecraft:total_world_time":60972,"minecraft:fall_one_cm":21399},"minecraft:broken":{"minecraft:stone_pickaxe":1,"minecraft:wooden_axe":1},"minecraft:dropped":{"minecraft:sugar_cane":3,"minecraft:wheat_seeds":1,"minecraft:potato":15,"minecraft:diorite":5,"minecraft:arrow":4,"minecraft:wooden_pickaxe":1,"minecraft:bone":1},"minecraft:killed":{"minecraft:pig":10,"minecraft:slime":14,"minecraft:skeleton":3,"minecraft:zombie":2},"minecraft:picked_up":{"minecraft:crafting_table":7,"minecraft:oak_log":29,"minecraft:brewing_stand":1,"minecraft:lapis_lazuli":40,"minecraft:dirt":2,"minecraft:bone":3,"minecraft:wheat_seeds":1,"minecraft:cobbled_deepslate":2,"minecraft:sugar_cane":3,"minecraft:furnace":2,"minecraft:raw_iron":39,"minecraft:oak_door":1,"minecraft:torch":5,"minecraft:gravel":1,"minecraft:porkchop":23,"minecraft:diorite":5,"minecraft:white_bed":2,"minecraft:arrow":5,"minecraft:slime_ball":3,"minecraft:hay_block":70,"minecraft:coal":112,"minecraft:cobblestone":64},"minecraft:mined":{"minecraft:white_bed":2,"minecraft:brewing_stand":1,"minecraft:crafting_table":7,"minecraft:torch":5,"minecraft:short_grass":1,"minecraft:grass_block":2,"minecraft:tall_grass":4,"minecraft:cobblestone":5,"minecraft:lapis_ore":1,"minecraft:sugar_cane":1,"minecraft:diorite":5,"minecraft:hay_block":70,"minecraft:furnace":2,"minecraft:iron_ore":32,"minecraft:deepslate_lapis_ore":5,"minecraft:coal_ore":112,"minecraft:oak_log":29,"minecraft:deepslate_iron_ore":7,"minecraft:gravel":1,"minecraft:stone":61,"minecraft:oak_leaves":3,"minecraft:deepslate":2}},"DataVersion":3955}