{"stats":{"minecraft:mined":{"minecraft:white_bed":7,"minecraft:deepslate_diamond_ore":25,"minecraft:cherry_log":36,"minecraft:brewing_stand":1,"minecraft:granite":3,"minecraft:budding_amethyst":22,"minecraft:grass_block":7,"minecraft:birch_slab":1,"minecraft:sandstone":4,"minecraft:spawner":5,"minecraft:hay_block":70,"minecraft:redstone_ore":8,"minecraft:furnace":3,"minecraft:iron_ore":223,"minecraft:andesite":34,"minecraft:deepslate_lapis_ore":14,"minecraft:azure_bluet":1,"minecraft:pointed_dripstone":9,"minecraft:deepslate_iron_ore":128,"minecraft:rail":2,"minecraft:oak_stairs":3,"minecraft:stone":271,"minecraft:deepslate_redstone_ore":49,"minecraft:birch_stairs":3,"minecraft:crafting_table":12,"minecraft:torch":8,"minecraft:short_grass":4,"minecraft:calcite":198,"minecraft:tall_grass":5,"minecraft:copper_ore":11,"minecraft:cobblestone":6,"minecraft:deepslate_coal_ore":1,"minecraft:lapis_ore":14,"minecraft:deepslate_gold_ore":19,"minecraft:sugar_cane":1,"minecraft:oak_planks":14,"minecraft:diorite":6,"minecraft:wall_torch":1,"minecraft:amethyst_block":252,"minecraft:pink_petals":54,"minecraft:birch_planks":3,"minecraft:oak_log":35,"minecraft:coal_ore":173,"minecraft:cherry_leaves":17,"minecraft:gravel":11,"minecraft:sand":6,"minecraft:dirt":30,"minecraft:cobweb":31,"minecraft:smooth_basalt":1,"minecraft:gold_ore":27,"minecraft:oak_leaves":3,"minecraft:deepslate_emerald_ore":1,"minecraft:deepslate":26},"minecraft:broken":{"minecraft:stone_pickaxe":1,"minecraft:iron_pickaxe":4,"minecraft:wooden_axe":1},"minecraft:custom":{"minecraft:mob_kills":93,"minecraft:interact_with_crafting_table":39,"minecraft:leave_game":4,"minecraft:time_since_death":269692,"minecraft:climb_one_cm":1108,"minecraft:sprint_one_cm":573251,"minecraft:walk_one_cm":1201541,"minecraft:damage_blocked_by_shield":1426,"minecraft:drop":134,"minecraft:play_time":269692,"minecraft:sneak_time":4717,"minecraft:walk_under_water_one_cm":9022,"minecraft:jump":3997,"minecraft:walk_on_water_one_cm":38369,"minecraft:total_world_time":269692,"minecraft:interact_with_furnace":33,"minecraft:sleep_in_bed":7,"minecraft:time_since_rest":2432,"minecraft:damage_taken":1601,"minecraft:damage_dealt":14256,"minecraft:swim_one_cm":2350,"minecraft:fly_one_cm":611243,"minecraft:open_chest":20,"minecraft:crouch_one_cm":10832,"minecraft:fall_one_cm":67424},"minecraft:used":{"minecraft:stone_sword":93,"minecraft:chest":1,"minecraft:shield":63,"minecraft:iron_sword":203,"minecraft:torch":387,"minecraft:dirt":6,"minecraft:wooden_axe":38,"minecraft:furnace":3,"minecraft:cobbled_deepslate":15,"minecraft:cherry_log":3,"minecraft:oak_planks":22,"minecraft:stone_pickaxe":260,"minecraft:wooden_pickaxe":42,"minecraft:crafting_table":16,"minecraft:white_bed":7,"minecraft:oak_log":1,"minecraft:bread":28,"minecraft:iron_pickaxe":1243,"minecraft:gravel":1,"minecraft:stone_axe":115,"minecraft:cobblestone":76,"minecraft:porkchop":1,"minecraft:cooked_porkchop":14,"minecraft:andesite":2},"minecraft:dropped":{"minecraft:birch_planks":2,"minecraft:wheat_seeds":1,"minecraft:cobblestone":106,"minecraft:iron_helmet":1,"minecraft:rail":2,"minecraft:dirt":16,"minecraft:diorite":5,"minecraft:oak_stairs":2,"minecraft:sand":4,"minecraft:string":3,"minecraft:pink_petals":77,"minecraft:white_wool":2,"minecraft:birch_stairs":1,"minecraft:redstone":4,"minecraft:smooth_basalt":1,"minecraft:bone":5,"minecraft:stone_axe":1,"minecraft:sugar_cane":3,"minecraft:stone_sword":1,"minecraft:cobbled_deepslate":15,"minecraft:pointed_dripstone":2,"minecraft:rotten_flesh":8,"minecraft:oak_planks":2,"minecraft:potato":16,"minecraft:gunpowder":3,"minecraft:spider_eye":4,"minecraft:wooden_pickaxe":1,"minecraft:sandstone":1,"minecraft:bow":4,"minecraft:arrow":6,"minecraft:stone_pickaxe":1},"minecraft:picked_up":{"minecraft:crafting_table":12,"minecraft:brown_mushroom":1,"minecraft:oak_stairs":3,"minecraft:brewing_stand":1,"minecraft:amethyst_block":249,"minecraft:string":36,"minecraft:cobbled_deepslate":33,"minecraft:calcite":192,"minecraft:sugar_cane":3,"minecraft:furnace":3,"minecraft:stick":9,"minecraft:raw_iron":347,"minecraft:sandstone":4,"minecraft:oak_door":1,"minecraft:torch":13,"minecraft:porkchop":23,"minecraft:cherry_log":36,"minecraft:pointed_dripstone":14,"minecraft:diorite":6,"minecraft:carrot":1,"minecraft:redstone":239,"minecraft:arrow":16,"minecraft:rotten_flesh":17,"minecraft:hay_block":70,"minecraft:cobblestone":200,"minecraft:rail":2,"minecraft:pink_petals":141,"minecraft:andesite":2,"minecraft:potato":1,"minecraft:birch_planks":2,"minecraft:oak_log":32,"minecraft:gunpowder":3,"minecraft:lapis_lazuli":167,"minecraft:dirt":22,"minecraft:bone":12,"minecraft:bow":4,"minecraft:wheat_seeds":1,"minecraft:raw_gold":46,"minecraft:oak_planks":14,"minecraft:smooth_basalt":1,"minecraft:gravel":1,"minecraft:birch_stairs":1,"minecraft:sand":11,"minecraft:amethyst_shard":8,"minecraft:white_bed":7,"minecraft:spider_eye":8,"minecraft:slime_ball":3,"minecraft:diamond":25,"minecraft:stone_axe":1,"minecraft:iron_helmet":1,"minecraft:cherry_sapling":15,"minecraft:emerald":1,"minecraft:coal":173},"minecraft:crafted":{"minecraft:oak_planks":124,"minecraft:redstone":162,"minecraft:furnace":1,"minecraft:iron_boots":1,"minecraft:stone_pickaxe":2,"minecraft:chest":1,"minecraft:redstone_block":46,"minecraft:raw_iron_block":34,"minecraft:wheat":252,"minecraft:cooked_porkchop":14,"minecraft:crafting_table":4,"minecraft:wooden_pickaxe":1,"minecraft:iron_helmet":1,"minecraft:iron_sword":1,"minecraft:hay_block":1,"minecraft:stone_axe":1,"minecraft:bread":84,"minecraft:air":0,"minecraft:white_wool":5,"minecraft:iron_chestplate":1,"minecraft:shield":1,"minecraft:stick":136,"minecraft:iron_ingot":42,"minecraft:iron_pickaxe":5,"minecraft:wooden_axe":1,"minecraft:stone_sword":1,"minecraft:iron_leggings":1,"minecraft:gold_ingot":46,"minecraft:white_bed":1,"minecraft:torch":368,"minecraft:lapis_block":16},"minecraft:killed":{"minecraft:cave_spider":11,"minecraft:spider":4,"minecraft:slime":14,"minecraft:skeleton":23,"minecraft:pig":10,"minecraft:zombie_villager":1,"minecraft:creeper":1,"minecraft:zombie":27}},"DataVersion":3955}