{"stats":{"minecraft:crafted":{"minecraft:oak_planks":116,"minecraft:cooked_porkchop":14,"minecraft:crafting_table":1,"minecraft:wooden_pickaxe":1,"minecraft:iron_helmet":1,"minecraft:iron_sword":1,"minecraft:furnace":1,"minecraft:stone_axe":1,"minecraft:bread":84,"minecraft:air":0,"minecraft:iron_boots":1,"minecraft:iron_chestplate":1,"minecraft:shield":1,"minecraft:stick":72,"minecraft:iron_ingot":39,"minecraft:iron_pickaxe":2,"minecraft:stone_pickaxe":2,"minecraft:wooden_axe":1,"minecraft:stone_sword":1,"minecraft:chest":1,"minecraft:iron_leggings":1,"minecraft:torch":152,"minecraft:wheat":252},"minecraft:used":{"minecraft:stone_sword":93,"minecraft:stone_pickaxe":260,"minecraft:chest":1,"minecraft:wooden_pickaxe":42,"minecraft:shield":35,"minecraft:iron_sword":75,"minecraft:torch":157,"minecraft:dirt":2,"minecraft:crafting_table":8,"minecraft:white_bed":2,"minecraft:wooden_axe":38,"minecraft:iron_pickaxe":99,"minecraft:gravel":1,"minecraft:stone_axe":21,"minecraft:cobblestone":39,"minecraft:cooked_porkchop":13,"minecraft:furnace":2,"minecraft:porkchop":1,"minecraft:andesite":1,"minecraft:cobbled_deepslate":10},"minecraft:custom":{"minecraft:interact_with_furnace":20,"minecraft:mob_kills":64,"minecraft:interact_with_crafting_table":23,"minecraft:leave_game":2,"minecraft:time_since_death":102972,"minecraft:sleep_in_bed":1,"minecraft:climb_one_cm":1108,"minecraft:time_since_rest":45251,"minecraft:sprint_one_cm":191801,"minecraft:damage_taken":898,"minecraft:walk_one_cm":455291,"minecraft:damage_blocked_by_shield":705,"minecraft:drop":38,"minecraft:damage_dealt":9521,"minecraft:fly_one_cm":233911,"minecraft:open_chest":4,"minecraft:crouch_one_cm":6418,"minecraft:play_time":102972,"minecraft:sneak_time":3441,"minecraft:walk_under_water_one_cm":8011,"minecraft:jump":1724,"minecraft:walk_on_water_one_cm":16428,"minecraft:total_world_time":102972,"minecraft:fall_one_cm":32094},"minecraft:broken":{"minecraft:stone_pickaxe":1,"minecraft:wooden_axe":1},"minecraft:dropped":{"minecraft:sugar_cane":3,"minecraft:wheat_seeds":1,"minecraft:stone_sword":1,"minecraft:pointed_dripstone":2,"minecraft:rotten_flesh":6,"minecraft:potato":16,"minecraft:gunpowder":2,"minecraft:diorite":5,"minecraft:arrow":6,"minecraft:stone_pickaxe":1,"minecraft:wooden_pickaxe":1,"minecraft:bone":3},"minecraft:killed":{"minecraft:pig":10,"minecraft:spider":4,"minecraft:slime":14,"minecraft:skeleton":12,"minecraft:zombie":22},"minecraft:picked_up":{"minecraft:crafting_table":7,"minecraft:andesite":1,"minecraft:potato":1,"minecraft:oak_log":29,"minecraft:brewing_stand":1,"minecraft:gunpowder":2,"minecraft:string":1,"minecraft:lapis_lazuli":51,"minecraft:dirt":2,"minecraft:bone":10,"minecraft:bow":2,"minecraft:wheat_seeds":1,"minecraft:cobbled_deepslate":21,"minecraft:raw_gold":10,"minecraft:sugar_cane":3,"minecraft:furnace":2,"minecraft:raw_iron":115,"minecraft:oak_door":1,"minecraft:torch":9,"minecraft:gravel":1,"minecraft:porkchop":23,"minecraft:pointed_dripstone":2,"minecraft:diorite":5,"minecraft:white_bed":2,"minecraft:redstone":105,"minecraft:spider_eye":1,"minecraft:arrow":14,"minecraft:rotten_flesh":12,"minecraft:slime_ball":3,"minecraft:diamond":17,"minecraft:hay_block":70,"minecraft:coal":128,"minecraft:cobblestone":70},"minecraft:mined":{"minecraft:deepslate_redstone_ore":21,"minecraft:white_bed":2,"minecraft:deepslate_diamond_ore":17,"minecraft:brewing_stand":1,"minecraft:crafting_table":7,"minecraft:torch":6,"minecraft:short_grass":1,"minecraft:grass_block":2,"minecraft:tall_grass":4,"minecraft:cobblestone":5,"minecraft:deepslate_gold_ore":6,"minecraft:lapis_ore":1,"minecraft:sugar_cane":1,"minecraft:diorite":5,"minecraft:hay_block":70,"minecraft:redstone_ore":4,"minecraft:furnace":2,"minecraft:iron_ore":75,"minecraft:deepslate_lapis_ore":7,"minecraft:pointed_dripstone":2,"minecraft:coal_ore":128,"minecraft:oak_log":29,"minecraft:deepslate_iron_ore":40,"minecraft:gravel":1,"minecraft:stone":66,"minecraft:gold_ore":4,"minecraft:oak_leaves":3,"minecraft:deepslate":15}},"DataVersion":3955}