{"stats":{"minecraft:mined":{"minecraft:diamond_ore":11,"minecraft:tuff":26,"minecraft:white_bed":4,"minecraft:deepslate_diamond_ore":43,"minecraft:cobblestone_stairs":9,"minecraft:granite":17,"minecraft:cobbled_deepslate_slab":2,"minecraft:spruce_fence":1,"minecraft:grass_block":357,"minecraft:spruce_leaves":65,"minecraft:large_fern":16,"minecraft:furnace":9,"minecraft:iron_ore":68,"minecraft:andesite":37,"minecraft:stripped_spruce_log":1,"minecraft:deepslate_iron_ore":5,"minecraft:stone":582,"minecraft:kelp_plant":1,"minecraft:dandelion":3,"minecraft:crafting_table":12,"minecraft:cornflower":10,"minecraft:short_grass":61,"minecraft:poppy":10,"minecraft:chest":1,"minecraft:tall_grass":6,"minecraft:cobblestone":15,"minecraft:deepslate_gold_ore":3,"minecraft:sugar_cane":9,"minecraft:oak_planks":4,"minecraft:diorite":55,"minecraft:wall_torch":2,"minecraft:birch_log":20,"minecraft:spruce_log":274,"minecraft:birch_leaves":3,"minecraft:oak_log":36,"minecraft:coal_ore":65,"minecraft:gravel":8,"minecraft:sand":19,"minecraft:dirt":510,"minecraft:oak_leaves":5,"minecraft:deepslate":101,"minecraft:fern":5},"minecraft:custom":{"minecraft:mob_kills":443,"minecraft:interact_with_anvil":2,"minecraft:animals_bred":1,"minecraft:interact_with_crafting_table":61,"minecraft:leave_game":1,"minecraft:time_since_death":137587,"minecraft:climb_one_cm":1072,"minecraft:sprint_one_cm":476317,"minecraft:walk_one_cm":340920,"minecraft:damage_blocked_by_shield":1299,"minecraft:drop":25,"minecraft:talked_to_villager":1,"minecraft:play_time":137587,"minecraft:sneak_time":7207,"minecraft:walk_under_water_one_cm":11843,"minecraft:jump":2844,"minecraft:walk_on_water_one_cm":15932,"minecraft:enchant_item":8,"minecraft:total_world_time":137587,"minecraft:interact_with_furnace":56,"minecraft:sleep_in_bed":5,"minecraft:time_since_rest":7783,"minecraft:damage_taken":1528,"minecraft:damage_dealt":6623,"minecraft:swim_one_cm":29602,"minecraft:fly_one_cm":511632,"minecraft:open_chest":35,"minecraft:crouch_one_cm":16956,"minecraft:fall_one_cm":52686},"minecraft:used":{"minecraft:netherite_sword":128,"minecraft:stone_sword":1,"minecraft:iron_shovel":139,"minecraft:armor_stand":1,"minecraft:poppy":9,"minecraft:chest":3,"minecraft:shield":31,"minecraft:cooked_chicken":1,"minecraft:torch":16,"minecraft:dirt":89,"minecraft:mutton":4,"minecraft:anvil":1,"minecraft:spruce_fence":1,"minecraft:glass":8,"minecraft:wooden_axe":20,"minecraft:lava_bucket":5,"minecraft:lantern":1,"minecraft:iron_axe":99,"minecraft:birch_sapling":4,"minecraft:beef":1,"minecraft:sweet_berries":7,"minecraft:furnace":11,"minecraft:egg":10,"minecraft:cooked_beef":5,"minecraft:cooked_mutton":12,"minecraft:water_bucket":12,"minecraft:cobblestone_stairs":51,"minecraft:spruce_door":1,"minecraft:stone_pickaxe":71,"minecraft:oak_planks":48,"minecraft:wooden_pickaxe":3,"minecraft:diamond_axe":406,"minecraft:sand":1,"minecraft:crafting_table":14,"minecraft:white_bed":5,"minecraft:painting":1,"minecraft:spruce_log":3,"minecraft:birch_fence":49,"minecraft:oak_log":17,"minecraft:diamond_pickaxe":753,"minecraft:black_wool":1,"minecraft:diamond_shovel":727,"minecraft:bread":1,"minecraft:iron_pickaxe":262,"minecraft:stone_axe":44,"minecraft:diamond_sword":58,"minecraft:cobblestone":93,"minecraft:cobbled_deepslate_slab":32,"minecraft:porkchop":3,"minecraft:cooked_porkchop":8,"minecraft:bucket":19,"minecraft:dandelion":3,"minecraft:gray_wool":1,"minecraft:bone_meal":9},"minecraft:dropped":{"minecraft:enchanted_book":1,"minecraft:wheat_seeds":1,"minecraft:feather":1,"minecraft:iron_helmet":2,"minecraft:leather":1,"minecraft:diorite":2,"minecraft:cornflower":1,"minecraft:wooden_axe":1,"minecraft:iron_leggings":2,"minecraft:iron_pickaxe":1,"minecraft:bone":1,"minecraft:stone_axe":1,"minecraft:stone_sword":1,"minecraft:tuff":26,"minecraft:rotten_flesh":6,"minecraft:oak_planks":1,"minecraft:poppy":1,"minecraft:iron_chestplate":2,"minecraft:leather_leggings":1,"minecraft:wooden_pickaxe":1,"minecraft:stone_pickaxe":1},"minecraft:picked_up":{"minecraft:crafting_table":12,"minecraft:iron_chestplate":3,"minecraft:chicken":1,"minecraft:brown_mushroom":6,"minecraft:leather_leggings":2,"minecraft:enchanted_book":3,"minecraft:cornflower":8,"minecraft:iron_leggings":3,"minecraft:armor_stand":1,"minecraft:birch_fence":1,"minecraft:cobbled_deepslate":64,"minecraft:netherite_sword":1,"minecraft:beef":6,"minecraft:poppy":10,"minecraft:sugar_cane":18,"minecraft:chest":1,"minecraft:birch_sapling":4,"minecraft:furnace":8,"minecraft:egg":37,"minecraft:stick":25,"minecraft:raw_iron":79,"minecraft:torch":2,"minecraft:spruce_fence":1,"minecraft:porkchop":19,"minecraft:diorite":2,"minecraft:arrow":2,"minecraft:rotten_flesh":13,"minecraft:mutton":16,"minecraft:white_wool":5,"minecraft:cobblestone":551,"minecraft:birch_log":20,"minecraft:feather":1,"minecraft:cooked_beef":4,"minecraft:andesite":18,"minecraft:leather":4,"minecraft:tuff":26,"minecraft:oak_log":35,"minecraft:cobblestone_stairs":9,"minecraft:lapis_lazuli":15,"minecraft:dirt":857,"minecraft:name_tag":2,"minecraft:glass":9,"minecraft:bone":5,"minecraft:wheat_seeds":12,"minecraft:raw_gold":6,"minecraft:cobbled_deepslate_slab":2,"minecraft:iron_ingot":30,"minecraft:bamboo":1,"minecraft:oak_planks":5,"minecraft:sweet_berries":7,"minecraft:dandelion":3,"minecraft:gravel":8,"minecraft:sand":18,"minecraft:stripped_spruce_log":1,"minecraft:spruce_sapling":32,"minecraft:white_bed":4,"minecraft:spruce_log":268,"minecraft:diamond":54,"minecraft:iron_helmet":3,"minecraft:granite":11,"minecraft:painting":1,"minecraft:gray_wool":1,"minecraft:black_wool":1,"minecraft:coal":243},"minecraft:crafted":{"minecraft:cobbled_deepslate_slab":30,"minecraft:oak_planks":72,"minecraft:cobblestone_slab":12,"minecraft:iron_nugget":36,"minecraft:cooked_chicken":1,"minecraft:furnace":3,"minecraft:cobblestone_stairs":60,"minecraft:bone_meal":9,"minecraft:diamond_shovel":1,"minecraft:cooked_mutton":12,"minecraft:glass":8,"minecraft:lantern":1,"minecraft:diamond_helmet":1,"minecraft:diamond_leggings":1,"minecraft:iron_axe":1,"minecraft:stone_pickaxe":1,"minecraft:chest":2,"minecraft:diamond_boots":1,"minecraft:cooked_beef":1,"minecraft:diamond_sword":1,"minecraft:cooked_porkchop":8,"minecraft:diamond_axe":1,"minecraft:crafting_table":2,"minecraft:spruce_planks":52,"minecraft:iron_helmet":1,"minecraft:wooden_pickaxe":1,"minecraft:spruce_door":3,"minecraft:bucket":1,"minecraft:birch_planks":80,"minecraft:stone_axe":1,"minecraft:iron_chestplate":1,"minecraft:diamond_pickaxe":1,"minecraft:shield":2,"minecraft:birch_fence":48,"minecraft:stick":60,"minecraft:iron_ingot":73,"minecraft:iron_pickaxe":2,"minecraft:wooden_axe":1,"minecraft:stone_sword":1,"minecraft:iron_block":3,"minecraft:iron_shovel":1,"minecraft:iron_leggings":1,"minecraft:anvil":1,"minecraft:white_bed":1,"minecraft:torch":32,"minecraft:diamond_chestplate":1},"minecraft:killed":{"minecraft:spider":1,"minecraft:skeleton":6,"minecraft:chicken":1,"minecraft:silverfish":377,"minecraft:pig":10,"minecraft:zombie_villager":2,"minecraft:creeper":1,"minecraft:sheep":9,"minecraft:zombie":13,"minecraft:cow":5}},"DataVersion":3955}