{"stats":{"minecraft:mined":{"minecraft:oak_slab":4,"minecraft:white_bed":1,"minecraft:oak_sapling":1,"minecraft:oak_fence":2,"minecraft:crafting_table":3,"minecraft:short_grass":54,"minecraft:grass_block":9,"minecraft:tall_grass":9,"minecraft:spruce_leaves":4,"minecraft:sugar_cane":12,"minecraft:oak_planks":4,"minecraft:wall_torch":4,"minecraft:hay_block":37,"minecraft:birch_log":1,"minecraft:iron_ore":15,"minecraft:spruce_log":6,"minecraft:andesite":17,"minecraft:oak_log":55,"minecraft:coal_ore":40,"minecraft:dirt":26,"minecraft:sand":53,"minecraft:stone":229,"minecraft:oak_leaves":10},"minecraft:custom":{"minecraft:interact_with_smithing_table":1,"minecraft:interact_with_furnace":21,"minecraft:mob_kills":6,"minecraft:interact_with_anvil":1,"minecraft:interact_with_crafting_table":24,"minecraft:leave_game":1,"minecraft:time_since_death":72110,"minecraft:sleep_in_bed":14,"minecraft:climb_one_cm":460,"minecraft:time_since_rest":796,"minecraft:sprint_one_cm":202005,"minecraft:damage_taken":278,"minecraft:walk_one_cm":164245,"minecraft:drop":3,"minecraft:damage_dealt":509,"minecraft:swim_one_cm":14747,"minecraft:fly_one_cm":292938,"minecraft:open_chest":37,"minecraft:crouch_one_cm":477,"minecraft:play_time":72110,"minecraft:sneak_time":194,"minecraft:walk_under_water_one_cm":3707,"minecraft:boat_one_cm":168256,"minecraft:jump":1167,"minecraft:interact_with_blast_furnace":2,"minecraft:walk_on_water_one_cm":12023,"minecraft:total_world_time":72110,"minecraft:fall_one_cm":23331,"minecraft:horse_one_cm":15877},"minecraft:broken":{"minecraft:stone_pickaxe":1,"minecraft:wooden_shovel":1},"minecraft:used":{"minecraft:stone_sword":27,"minecraft:stone_pickaxe":289,"minecraft:oak_planks":94,"minecraft:chest":2,"minecraft:wooden_pickaxe":23,"minecraft:wooden_shovel":59,"minecraft:sugar_cane":15,"minecraft:oak_door":2,"minecraft:torch":23,"minecraft:dirt":4,"minecraft:oak_slab":114,"minecraft:crafting_table":6,"minecraft:white_bed":1,"minecraft:glass":20,"minecraft:spruce_boat":5,"minecraft:oak_log":5,"minecraft:bread":11,"minecraft:leather_helmet":1,"minecraft:stone_axe":91,"minecraft:cobblestone":12,"minecraft:sweet_berries":21,"minecraft:furnace":1,"minecraft:oak_sapling":13,"minecraft:andesite":17},"minecraft:dropped":{"minecraft:stick":1,"minecraft:bone":2},"minecraft:picked_up":{"minecraft:birch_log":1,"minecraft:crafting_table":3,"minecraft:andesite":17,"minecraft:oak_log":55,"minecraft:string":2,"minecraft:dirt":35,"minecraft:bone":7,"minecraft:apple":2,"minecraft:wheat_seeds":7,"minecraft:sugar_cane":22,"minecraft:oak_planks":4,"minecraft:stick":6,"minecraft:oak_slab":4,"minecraft:raw_iron":15,"minecraft:sweet_berries":21,"minecraft:oak_fence":2,"minecraft:torch":4,"minecraft:sand":53,"minecraft:spruce_sapling":1,"minecraft:white_bed":1,"minecraft:spruce_log":6,"minecraft:arrow":2,"minecraft:rotten_flesh":3,"minecraft:spruce_boat":5,"minecraft:hay_block":37,"minecraft:oak_sapling":19,"minecraft:coal":40,"minecraft:cobblestone":220},"minecraft:crafted":{"minecraft:oak_door":3,"minecraft:oak_slab":120,"minecraft:oak_planks":200,"minecraft:wooden_shovel":1,"minecraft:crafting_table":3,"minecraft:spruce_planks":24,"minecraft:wooden_pickaxe":1,"minecraft:iron_sword":1,"minecraft:furnace":1,"minecraft:hay_block":21,"minecraft:birch_planks":4,"minecraft:stone_axe":1,"minecraft:bread":24,"minecraft:air":0,"minecraft:glass":20,"minecraft:iron_axe":1,"minecraft:stick":24,"minecraft:iron_ingot":15,"minecraft:iron_pickaxe":2,"minecraft:stone_pickaxe":3,"minecraft:stone_sword":1,"minecraft:chest":2,"minecraft:spruce_boat":1,"minecraft:torch":24,"minecraft:wheat":261},"minecraft:killed":{"minecraft:zombie_villager":2,"minecraft:spider":2,"minecraft:skeleton":2}},"DataVersion":3955}