{"stats":{"minecraft:crafted":{"minecraft:wooden_shovel":1,"minecraft:crafting_table":2,"minecraft:spruce_planks":24,"minecraft:stick":12,"minecraft:wooden_pickaxe":1,"minecraft:stone_pickaxe":2,"minecraft:stone_sword":1,"minecraft:spruce_boat":1,"minecraft:birch_planks":4,"minecraft:stone_axe":1},"minecraft:used":{"minecraft:spruce_boat":2,"minecraft:stone_sword":3,"minecraft:stone_pickaxe":28,"minecraft:leather_helmet":1,"minecraft:wooden_pickaxe":23,"minecraft:wooden_shovel":6,"minecraft:stone_axe":6,"minecraft:crafting_table":3,"minecraft:sweet_berries":21},"minecraft:custom":{"minecraft:interact_with_smithing_table":1,"minecraft:time_since_rest":0,"minecraft:sprint_one_cm":73526,"minecraft:damage_taken":125,"minecraft:walk_one_cm":37030,"minecraft:mob_kills":2,"minecraft:interact_with_anvil":1,"minecraft:damage_dealt":89,"minecraft:interact_with_crafting_table":5,"minecraft:swim_one_cm":7963,"minecraft:fly_one_cm":98855,"minecraft:open_chest":10,"minecraft:crouch_one_cm":50,"minecraft:play_time":17363,"minecraft:sneak_time":25,"minecraft:walk_under_water_one_cm":2022,"minecraft:boat_one_cm":44275,"minecraft:jump":376,"minecraft:interact_with_blast_furnace":1,"minecraft:walk_on_water_one_cm":924,"minecraft:time_since_death":17363,"minecraft:sleep_in_bed":4,"minecraft:total_world_time":17363,"minecraft:fall_one_cm":8473},"minecraft:killed":{"minecraft:zombie_villager":2},"minecraft:picked_up":{"minecraft:birch_log":1,"minecraft:raw_iron":2,"minecraft:crafting_table":3,"minecraft:sweet_berries":21,"minecraft:oak_fence":2,"minecraft:spruce_sapling":1,"minecraft:spruce_log":6,"minecraft:dirt":6,"minecraft:rotten_flesh":3,"minecraft:wheat_seeds":2,"minecraft:spruce_boat":2,"minecraft:hay_block":29,"minecraft:oak_sapling":2,"minecraft:sugar_cane":4,"minecraft:coal":20,"minecraft:cobblestone":29},"minecraft:mined":{"minecraft:hay_block":29,"minecraft:birch_log":1,"minecraft:iron_ore":2,"minecraft:spruce_log":6,"minecraft:oak_fence":2,"minecraft:crafting_table":3,"minecraft:short_grass":3,"minecraft:grass_block":3,"minecraft:coal_ore":20,"minecraft:dirt":3,"minecraft:tall_grass":1,"minecraft:spruce_leaves":4,"minecraft:stone":29,"minecraft:sugar_cane":2,"minecraft:oak_leaves":2}},"DataVersion":3955}