{"stats":{"minecraft:mined":{"minecraft:white_bed":1,"minecraft:oak_sapling":6,"minecraft:deepslate_diamond_ore":5,"minecraft:brewing_stand":1,"minecraft:granite":71,"minecraft:grass_block":310,"minecraft:spruce_leaves":4,"minecraft:oxeye_daisy":3,"minecraft:hay_block":37,"minecraft:carrots":3,"minecraft:iron_ore":53,"minecraft:cobbled_deepslate":3,"minecraft:andesite":123,"minecraft:azure_bluet":3,"minecraft:dirt_path":4,"minecraft:deepslate_iron_ore":1,"minecraft:stone":514,"minecraft:smithing_table":1,"minecraft:oak_slab":5,"minecraft:dandelion":16,"minecraft:oak_fence":3,"minecraft:crafting_table":3,"minecraft:cornflower":4,"minecraft:short_grass":770,"minecraft:blast_furnace":1,"minecraft:tall_grass":203,"minecraft:cobblestone":4,"minecraft:deepslate_gold_ore":11,"minecraft:sugar_cane":33,"minecraft:oak_planks":4,"minecraft:diorite":63,"minecraft:wall_torch":8,"minecraft:birch_log":1,"minecraft:wheat":55,"minecraft:spruce_log":6,"minecraft:oak_log":181,"minecraft:coal_ore":40,"minecraft:gravel":3,"minecraft:sand":53,"minecraft:dirt":82,"minecraft:gold_ore":1,"minecraft:oak_leaves":90,"minecraft:deepslate":34,"minecraft:fern":3},"minecraft:broken":{"minecraft:wooden_shovel":1,"minecraft:stone_hoe":1,"minecraft:stone_pickaxe":2,"minecraft:iron_pickaxe":2,"minecraft:wooden_hoe":1,"minecraft:stone_shovel":1},"minecraft:custom":{"minecraft:interact_with_smithing_table":1,"minecraft:mob_kills":17,"minecraft:interact_with_anvil":1,"minecraft:interact_with_crafting_table":43,"minecraft:leave_game":3,"minecraft:time_since_death":203444,"minecraft:climb_one_cm":884,"minecraft:sprint_one_cm":624625,"minecraft:walk_one_cm":574995,"minecraft:drop":6,"minecraft:talked_to_villager":13,"minecraft:play_time":203444,"minecraft:sneak_time":1575,"minecraft:walk_under_water_one_cm":8049,"minecraft:boat_one_cm":168256,"minecraft:jump":3061,"minecraft:interact_with_brewingstand":1,"minecraft:interact_with_blast_furnace":2,"minecraft:walk_on_water_one_cm":41539,"minecraft:total_world_time":203444,"minecraft:interact_with_furnace":44,"minecraft:sleep_in_bed":18,"minecraft:time_since_rest":35298,"minecraft:damage_taken":881,"minecraft:damage_dealt":2028,"minecraft:swim_one_cm":21163,"minecraft:fly_one_cm":734355,"minecraft:open_chest":73,"minecraft:crouch_one_cm":6112,"minecraft:fall_one_cm":57470,"minecraft:horse_one_cm":35730},"minecraft:used":{"minecraft:oak_fence":122,"minecraft:stone_sword":64,"minecraft:iron_shovel":196,"minecraft:stone_shovel":146,"minecraft:chest":6,"minecraft:wooden_shovel":59,"minecraft:stone_hoe":131,"minecraft:oak_door":2,"minecraft:torch":82,"minecraft:brewing_stand":1,"minecraft:dirt":166,"minecraft:carrot":17,"minecraft:granite":17,"minecraft:spruce_boat":5,"minecraft:glass":28,"minecraft:lava_bucket":1,"minecraft:iron_axe":166,"minecraft:sweet_berries":21,"minecraft:oak_sapling":67,"minecraft:furnace":1,"minecraft:egg":1,"minecraft:cobbled_deepslate":28,"minecraft:wheat_seeds":249,"minecraft:water_bucket":4,"minecraft:diorite":9,"minecraft:stone_pickaxe":290,"minecraft:oak_planks":101,"minecraft:wooden_pickaxe":23,"minecraft:sugar_cane":40,"minecraft:oak_slab":124,"minecraft:crafting_table":7,"minecraft:blast_furnace":1,"minecraft:white_bed":1,"minecraft:oak_log":7,"minecraft:wooden_hoe":81,"minecraft:bread":39,"minecraft:iron_pickaxe":636,"minecraft:leather_helmet":1,"minecraft:stone_axe":91,"minecraft:cobblestone":34,"minecraft:white_banner":1,"minecraft:smithing_table":2,"minecraft:andesite":17,"minecraft:bucket":5,"minecraft:dandelion":16,"minecraft:bone_meal":6},"minecraft:dropped":{"minecraft:stick":1,"minecraft:string":1,"minecraft:bone":2,"minecraft:rotten_flesh":1,"minecraft:oak_planks":48},"minecraft:picked_up":{"minecraft:crafting_table":3,"minecraft:wheat":51,"minecraft:azure_bluet":3,"minecraft:ominous_bottle":1,"minecraft:smithing_table":1,"minecraft:wooden_pickaxe":1,"minecraft:brewing_stand":1,"minecraft:cornflower":4,"minecraft:string":6,"minecraft:flint_and_steel":1,"minecraft:cartography_table":1,"minecraft:cobbled_deepslate":34,"minecraft:spruce_planks":5,"minecraft:iron_nugget":33,"minecraft:sugar_cane":68,"minecraft:egg":1,"minecraft:stick":37,"minecraft:raw_iron":54,"minecraft:oak_door":1,"minecraft:oak_fence":5,"minecraft:torch":10,"minecraft:diorite":63,"minecraft:carrot":9,"minecraft:arrow":4,"minecraft:rotten_flesh":24,"minecraft:hay_block":66,"minecraft:saddle":1,"minecraft:cobblestone":760,"minecraft:oxeye_daisy":3,"minecraft:birch_log":1,"minecraft:leather_chestplate":1,"minecraft:andesite":227,"minecraft:oak_log":185,"minecraft:dirt":434,"minecraft:paper":4,"minecraft:white_banner":1,"minecraft:coast_armor_trim_smithing_template":2,"minecraft:bone":12,"minecraft:apple":11,"minecraft:bow":1,"minecraft:wheat_seeds":260,"minecraft:raw_gold":12,"minecraft:stone_pickaxe":1,"minecraft:oak_planks":105,"minecraft:book":1,"minecraft:oak_slab":19,"minecraft:sweet_berries":21,"minecraft:dandelion":17,"minecraft:gravel":3,"minecraft:sand":86,"minecraft:spruce_sapling":2,"minecraft:blast_furnace":1,"minecraft:white_bed":1,"minecraft:spruce_log":6,"minecraft:spider_eye":3,"minecraft:diamond":5,"minecraft:stone_axe":1,"minecraft:spruce_boat":5,"minecraft:granite":69,"minecraft:golden_apple":1,"minecraft:emerald":1,"minecraft:oak_sapling":73,"minecraft:coal":40},"minecraft:crafted":{"minecraft:oak_door":3,"minecraft:oak_planks":696,"minecraft:stone_shovel":1,"minecraft:furnace":1,"minecraft:bone_meal":6,"minecraft:glass":28,"minecraft:iron_axe":1,"minecraft:stone_pickaxe":3,"minecraft:chest":6,"minecraft:spruce_boat":1,"minecraft:stone_hoe":1,"minecraft:oak_fence":192,"minecraft:wheat":261,"minecraft:oak_slab":120,"minecraft:wooden_shovel":1,"minecraft:crafting_table":4,"minecraft:spruce_planks":24,"minecraft:wooden_pickaxe":1,"minecraft:iron_sword":1,"minecraft:smithing_table":1,"minecraft:bucket":1,"minecraft:hay_block":21,"minecraft:birch_planks":4,"minecraft:stone_axe":1,"minecraft:bread":40,"minecraft:air":0,"minecraft:cartography_table":1,"minecraft:wooden_hoe":2,"minecraft:stick":168,"minecraft:iron_ingot":49,"minecraft:iron_pickaxe":4,"minecraft:stone_sword":1,"minecraft:iron_shovel":1,"minecraft:gold_ingot":12,"minecraft:torch":84},"minecraft:killed":{"minecraft:spider":5,"minecraft:skeleton":5,"minecraft:zombie_villager":2,"minecraft:pillager":4,"minecraft:zombie":1}},"DataVersion":3955}