{"stats":{"minecraft:mined":{"minecraft:oak_slab":4,"minecraft:white_bed":1,"minecraft:oak_sapling":1,"minecraft:oak_fence":2,"minecraft:crafting_table":3,"minecraft:short_grass":54,"minecraft:grass_block":9,"minecraft:tall_grass":6,"minecraft:spruce_leaves":4,"minecraft:sugar_cane":12,"minecraft:oak_planks":4,"minecraft:wall_torch":2,"minecraft:hay_block":37,"minecraft:birch_log":1,"minecraft:iron_ore":7,"minecraft:spruce_log":6,"minecraft:andesite":17,"minecraft:oak_log":55,"minecraft:coal_ore":40,"minecraft:dirt":19,"minecraft:sand":53,"minecraft:stone":111,"minecraft:oak_leaves":10},"minecraft:custom":{"minecraft:interact_with_smithing_table":1,"minecraft:interact_with_furnace":18,"minecraft:mob_kills":5,"minecraft:interact_with_anvil":1,"minecraft:interact_with_crafting_table":21,"minecraft:leave_game":1,"minecraft:time_since_death":60110,"minecraft:sleep_in_bed":13,"minecraft:climb_one_cm":460,"minecraft:time_since_rest":5276,"minecraft:sprint_one_cm":181041,"minecraft:damage_taken":253,"minecraft:walk_one_cm":145892,"minecraft:drop":3,"minecraft:damage_dealt":489,"minecraft:swim_one_cm":14747,"minecraft:fly_one_cm":277209,"minecraft:open_chest":34,"minecraft:crouch_one_cm":477,"minecraft:play_time":60110,"minecraft:sneak_time":194,"minecraft:walk_under_water_one_cm":3707,"minecraft:boat_one_cm":168256,"minecraft:jump":1064,"minecraft:interact_with_blast_furnace":2,"minecraft:walk_on_water_one_cm":12023,"minecraft:total_world_time":60110,"minecraft:fall_one_cm":21806,"minecraft:horse_one_cm":15877},"minecraft:broken":{"minecraft:stone_pickaxe":1,"minecraft:wooden_shovel":1},"minecraft:used":{"minecraft:stone_sword":23,"minecraft:stone_pickaxe":158,"minecraft:oak_planks":94,"minecraft:chest":2,"minecraft:wooden_pickaxe":23,"minecraft:wooden_shovel":59,"minecraft:sugar_cane":15,"minecraft:oak_door":2,"minecraft:torch":6,"minecraft:dirt":4,"minecraft:oak_slab":114,"minecraft:crafting_table":6,"minecraft:white_bed":1,"minecraft:glass":20,"minecraft:spruce_boat":5,"minecraft:oak_log":5,"minecraft:bread":10,"minecraft:leather_helmet":1,"minecraft:stone_axe":91,"minecraft:cobblestone":2,"minecraft:sweet_berries":21,"minecraft:furnace":1,"minecraft:oak_sapling":13},"minecraft:dropped":{"minecraft:stick":1,"minecraft:bone":2},"minecraft:picked_up":{"minecraft:birch_log":1,"minecraft:crafting_table":3,"minecraft:andesite":17,"minecraft:oak_log":55,"minecraft:string":2,"minecraft:dirt":28,"minecraft:bone":3,"minecraft:apple":2,"minecraft:wheat_seeds":7,"minecraft:sugar_cane":22,"minecraft:oak_planks":4,"minecraft:stick":6,"minecraft:oak_slab":4,"minecraft:raw_iron":7,"minecraft:sweet_berries":21,"minecraft:oak_fence":2,"minecraft:torch":2,"minecraft:sand":53,"minecraft:spruce_sapling":1,"minecraft:white_bed":1,"minecraft:spruce_log":6,"minecraft:rotten_flesh":3,"minecraft:spruce_boat":5,"minecraft:hay_block":37,"minecraft:oak_sapling":19,"minecraft:coal":40,"minecraft:cobblestone":109},"minecraft:crafted":{"minecraft:oak_door":3,"minecraft:oak_slab":120,"minecraft:oak_planks":200,"minecraft:wooden_shovel":1,"minecraft:crafting_table":3,"minecraft:spruce_planks":24,"minecraft:wooden_pickaxe":1,"minecraft:furnace":1,"minecraft:hay_block":21,"minecraft:birch_planks":4,"minecraft:stone_axe":1,"minecraft:bread":24,"minecraft:air":0,"minecraft:glass":20,"minecraft:stick":12,"minecraft:stone_pickaxe":2,"minecraft:stone_sword":1,"minecraft:chest":2,"minecraft:spruce_boat":1,"minecraft:torch":24,"minecraft:wheat":261},"minecraft:killed":{"minecraft:zombie_villager":2,"minecraft:spider":2,"minecraft:skeleton":1}},"DataVersion":3955}