{"stats":{"minecraft:crafted":{"minecraft:oak_door":3,"minecraft:oak_slab":120,"minecraft:oak_planks":200,"minecraft:wooden_shovel":1,"minecraft:crafting_table":2,"minecraft:spruce_planks":24,"minecraft:wooden_pickaxe":1,"minecraft:furnace":1,"minecraft:hay_block":21,"minecraft:birch_planks":4,"minecraft:stone_axe":1,"minecraft:bread":24,"minecraft:air":0,"minecraft:glass":20,"minecraft:stick":12,"minecraft:stone_pickaxe":2,"minecraft:stone_sword":1,"minecraft:chest":2,"minecraft:spruce_boat":1,"minecraft:wheat":261},"minecraft:used":{"minecraft:stone_sword":15,"minecraft:stone_pickaxe":61,"minecraft:oak_planks":94,"minecraft:chest":2,"minecraft:wooden_pickaxe":23,"minecraft:wooden_shovel":59,"minecraft:sugar_cane":15,"minecraft:oak_door":2,"minecraft:dirt":4,"minecraft:oak_slab":114,"minecraft:crafting_table":5,"minecraft:white_bed":1,"minecraft:glass":20,"minecraft:oak_log":5,"minecraft:spruce_boat":5,"minecraft:bread":8,"minecraft:leather_helmet":1,"minecraft:stone_axe":91,"minecraft:sweet_berries":21,"minecraft:oak_sapling":13,"minecraft:furnace":1},"minecraft:custom":{"minecraft:interact_with_smithing_table":1,"minecraft:interact_with_furnace":15,"minecraft:interact_with_anvil":1,"minecraft:mob_kills":3,"minecraft:interact_with_crafting_table":16,"minecraft:leave_game":1,"minecraft:time_since_death":54672,"minecraft:sleep_in_bed":12,"minecraft:climb_one_cm":460,"minecraft:time_since_rest":8222,"minecraft:sprint_one_cm":172432,"minecraft:damage_taken":221,"minecraft:walk_one_cm":134220,"minecraft:drop":3,"minecraft:damage_dealt":169,"minecraft:swim_one_cm":14747,"minecraft:fly_one_cm":264525,"minecraft:open_chest":32,"minecraft:crouch_one_cm":431,"minecraft:play_time":54672,"minecraft:sneak_time":188,"minecraft:walk_under_water_one_cm":3707,"minecraft:boat_one_cm":168256,"minecraft:jump":1008,"minecraft:interact_with_blast_furnace":2,"minecraft:walk_on_water_one_cm":12023,"minecraft:total_world_time":54672,"minecraft:fall_one_cm":21121,"minecraft:horse_one_cm":11238},"minecraft:broken":{"minecraft:wooden_shovel":1},"minecraft:dropped":{"minecraft:stick":1,"minecraft:bone":2},"minecraft:killed":{"minecraft:zombie_villager":2,"minecraft:skeleton":1},"minecraft:picked_up":{"minecraft:birch_log":1,"minecraft:crafting_table":3,"minecraft:andesite":17,"minecraft:oak_log":55,"minecraft:dirt":28,"minecraft:bone":3,"minecraft:apple":2,"minecraft:wheat_seeds":7,"minecraft:sugar_cane":22,"minecraft:oak_planks":4,"minecraft:oak_slab":4,"minecraft:stick":6,"minecraft:raw_iron":2,"minecraft:sweet_berries":21,"minecraft:oak_fence":2,"minecraft:sand":53,"minecraft:spruce_sapling":1,"minecraft:white_bed":1,"minecraft:spruce_log":6,"minecraft:rotten_flesh":3,"minecraft:spruce_boat":5,"minecraft:hay_block":37,"minecraft:oak_sapling":19,"minecraft:coal":20,"minecraft:cobblestone":40},"minecraft:mined":{"minecraft:oak_slab":4,"minecraft:white_bed":1,"minecraft:oak_sapling":1,"minecraft:crafting_table":3,"minecraft:oak_fence":2,"minecraft:short_grass":52,"minecraft:grass_block":9,"minecraft:tall_grass":6,"minecraft:spruce_leaves":4,"minecraft:sugar_cane":12,"minecraft:oak_planks":4,"minecraft:hay_block":37,"minecraft:birch_log":1,"minecraft:iron_ore":2,"minecraft:spruce_log":6,"minecraft:andesite":17,"minecraft:coal_ore":20,"minecraft:oak_log":55,"minecraft:sand":53,"minecraft:dirt":19,"minecraft:stone":40,"minecraft:oak_leaves":10}},"DataVersion":3955}