{"stats":{"minecraft:crafted":{"minecraft:birch_planks":4,"minecraft:crafting_table":1},"minecraft:used":{"minecraft:sweet_berries":9},"minecraft:custom":{"minecraft:time_since_rest":653,"minecraft:open_chest":8,"minecraft:crouch_one_cm":50,"minecraft:play_time":5363,"minecraft:sprint_one_cm":29396,"minecraft:damage_taken":55,"minecraft:walk_one_cm":7740,"minecraft:sneak_time":19,"minecraft:walk_under_water_one_cm":121,"minecraft:interact_with_anvil":1,"minecraft:jump":148,"minecraft:time_since_death":5363,"minecraft:walk_on_water_one_cm":120,"minecraft:sleep_in_bed":3,"minecraft:total_world_time":5363,"minecraft:swim_one_cm":3424,"minecraft:fall_one_cm":3597,"minecraft:fly_one_cm":48472},"minecraft:picked_up":{"minecraft:birch_log":1,"minecraft:sweet_berries":21},"minecraft:mined":{"minecraft:short_grass":1,"minecraft:birch_log":1,"minecraft:spruce_log":1,"minecraft:spruce_leaves":3}},"DataVersion":3955}