{"stats":{"minecraft:crafted":{"minecraft:oak_door":3,"minecraft:oak_slab":90,"minecraft:oak_planks":176,"minecraft:wooden_shovel":1,"minecraft:crafting_table":2,"minecraft:spruce_planks":24,"minecraft:wooden_pickaxe":1,"minecraft:furnace":1,"minecraft:hay_block":21,"minecraft:birch_planks":4,"minecraft:stone_axe":1,"minecraft:bread":24,"minecraft:stick":12,"minecraft:stone_pickaxe":2,"minecraft:stone_sword":1,"minecraft:chest":2,"minecraft:spruce_boat":1,"minecraft:wheat":261},"minecraft:used":{"minecraft:stone_sword":15,"minecraft:stone_pickaxe":31,"minecraft:oak_planks":57,"minecraft:chest":2,"minecraft:wooden_pickaxe":23,"minecraft:wooden_shovel":6,"minecraft:oak_door":2,"minecraft:dirt":1,"minecraft:oak_slab":90,"minecraft:crafting_table":5,"minecraft:white_bed":1,"minecraft:oak_log":5,"minecraft:spruce_boat":5,"minecraft:bread":6,"minecraft:leather_helmet":1,"minecraft:stone_axe":68,"minecraft:sweet_berries":21,"minecraft:oak_sapling":7,"minecraft:furnace":1},"minecraft:custom":{"minecraft:interact_with_smithing_table":1,"minecraft:interact_with_furnace":3,"minecraft:interact_with_anvil":1,"minecraft:mob_kills":3,"minecraft:interact_with_crafting_table":14,"minecraft:time_since_death":41363,"minecraft:sleep_in_bed":11,"minecraft:climb_one_cm":460,"minecraft:time_since_rest":9017,"minecraft:sprint_one_cm":145674,"minecraft:damage_taken":221,"minecraft:walk_one_cm":92037,"minecraft:drop":3,"minecraft:damage_dealt":169,"minecraft:swim_one_cm":10575,"minecraft:fly_one_cm":222243,"minecraft:open_chest":24,"minecraft:crouch_one_cm":428,"minecraft:play_time":41363,"minecraft:sneak_time":161,"minecraft:walk_under_water_one_cm":3471,"minecraft:boat_one_cm":168256,"minecraft:jump":854,"minecraft:interact_with_blast_furnace":2,"minecraft:walk_on_water_one_cm":2251,"minecraft:total_world_time":41363,"minecraft:fall_one_cm":19542},"minecraft:dropped":{"minecraft:stick":1,"minecraft:bone":2},"minecraft:killed":{"minecraft:zombie_villager":2,"minecraft:skeleton":1},"minecraft:picked_up":{"minecraft:birch_log":1,"minecraft:crafting_table":3,"minecraft:oak_log":49,"minecraft:dirt":7,"minecraft:bone":3,"minecraft:wheat_seeds":3,"minecraft:sugar_cane":7,"minecraft:oak_planks":3,"minecraft:oak_slab":3,"minecraft:stick":4,"minecraft:raw_iron":2,"minecraft:sweet_berries":21,"minecraft:oak_fence":2,"minecraft:spruce_sapling":1,"minecraft:white_bed":1,"minecraft:spruce_log":6,"minecraft:rotten_flesh":3,"minecraft:spruce_boat":5,"minecraft:hay_block":37,"minecraft:oak_sapling":12,"minecraft:coal":20,"minecraft:cobblestone":29},"minecraft:mined":{"minecraft:oak_slab":3,"minecraft:white_bed":1,"minecraft:crafting_table":3,"minecraft:oak_fence":2,"minecraft:short_grass":15,"minecraft:grass_block":3,"minecraft:tall_grass":3,"minecraft:spruce_leaves":4,"minecraft:sugar_cane":3,"minecraft:oak_planks":3,"minecraft:hay_block":37,"minecraft:birch_log":1,"minecraft:iron_ore":2,"minecraft:spruce_log":6,"minecraft:coal_ore":20,"minecraft:oak_log":49,"minecraft:dirt":4,"minecraft:stone":29,"minecraft:oak_leaves":10}},"DataVersion":3955}