{"stats":{"minecraft:mined":{"minecraft:smithing_table":1,"minecraft:oak_slab":5,"minecraft:white_bed":1,"minecraft:oak_sapling":1,"minecraft:brewing_stand":1,"minecraft:oak_fence":2,"minecraft:crafting_table":3,"minecraft:granite":9,"minecraft:short_grass":56,"minecraft:blast_furnace":1,"minecraft:grass_block":9,"minecraft:cobblestone":2,"minecraft:tall_grass":22,"minecraft:spruce_leaves":4,"minecraft:sugar_cane":17,"minecraft:oak_planks":4,"minecraft:diorite":63,"minecraft:wall_torch":7,"minecraft:hay_block":37,"minecraft:birch_log":1,"minecraft:iron_ore":41,"minecraft:spruce_log":6,"minecraft:andesite":120,"minecraft:oak_log":84,"minecraft:coal_ore":40,"minecraft:sand":53,"minecraft:dirt":26,"minecraft:stone":463,"minecraft:oak_leaves":21},"minecraft:custom":{"minecraft:interact_with_smithing_table":1,"minecraft:interact_with_furnace":21,"minecraft:interact_with_anvil":1,"minecraft:mob_kills":6,"minecraft:interact_with_crafting_table":26,"minecraft:leave_game":2,"minecraft:time_since_death":117845,"minecraft:sleep_in_bed":16,"minecraft:climb_one_cm":884,"minecraft:time_since_rest":33576,"minecraft:sprint_one_cm":297867,"minecraft:damage_taken":298,"minecraft:walk_one_cm":234311,"minecraft:drop":3,"minecraft:damage_dealt":509,"minecraft:swim_one_cm":14747,"minecraft:talked_to_villager":13,"minecraft:fly_one_cm":450462,"minecraft:open_chest":40,"minecraft:crouch_one_cm":863,"minecraft:play_time":117845,"minecraft:sneak_time":280,"minecraft:walk_under_water_one_cm":3707,"minecraft:boat_one_cm":168256,"minecraft:interact_with_brewingstand":1,"minecraft:jump":1690,"minecraft:interact_with_blast_furnace":2,"minecraft:walk_on_water_one_cm":12023,"minecraft:total_world_time":117845,"minecraft:fall_one_cm":35793,"minecraft:horse_one_cm":19056},"minecraft:broken":{"minecraft:stone_pickaxe":2,"minecraft:wooden_shovel":1,"minecraft:iron_pickaxe":1},"minecraft:used":{"minecraft:diorite":9,"minecraft:stone_sword":27,"minecraft:stone_pickaxe":290,"minecraft:oak_planks":94,"minecraft:chest":2,"minecraft:wooden_pickaxe":23,"minecraft:wooden_shovel":59,"minecraft:sugar_cane":15,"minecraft:oak_door":2,"minecraft:torch":52,"minecraft:brewing_stand":1,"minecraft:dirt":4,"minecraft:oak_slab":116,"minecraft:crafting_table":7,"minecraft:blast_furnace":1,"minecraft:white_bed":1,"minecraft:granite":9,"minecraft:glass":20,"minecraft:spruce_boat":5,"minecraft:oak_log":5,"minecraft:iron_axe":41,"minecraft:bread":15,"minecraft:iron_pickaxe":440,"minecraft:leather_helmet":1,"minecraft:stone_axe":91,"minecraft:cobblestone":14,"minecraft:sweet_berries":21,"minecraft:oak_sapling":27,"minecraft:smithing_table":2,"minecraft:furnace":1,"minecraft:andesite":17,"minecraft:egg":1},"minecraft:dropped":{"minecraft:stick":1,"minecraft:bone":2},"minecraft:picked_up":{"minecraft:birch_log":1,"minecraft:crafting_table":3,"minecraft:andesite":120,"minecraft:smithing_table":1,"minecraft:oak_log":84,"minecraft:brewing_stand":1,"minecraft:dirt":35,"minecraft:string":2,"minecraft:bone":7,"minecraft:apple":3,"minecraft:wheat_seeds":7,"minecraft:sugar_cane":30,"minecraft:oak_planks":4,"minecraft:egg":1,"minecraft:oak_slab":6,"minecraft:stick":8,"minecraft:raw_iron":39,"minecraft:sweet_berries":21,"minecraft:oak_fence":2,"minecraft:torch":8,"minecraft:sand":53,"minecraft:spruce_sapling":1,"minecraft:blast_furnace":1,"minecraft:diorite":63,"minecraft:white_bed":1,"minecraft:spruce_log":6,"minecraft:arrow":2,"minecraft:rotten_flesh":3,"minecraft:spruce_boat":5,"minecraft:hay_block":37,"minecraft:granite":9,"minecraft:oak_sapling":27,"minecraft:coal":40,"minecraft:cobblestone":455},"minecraft:crafted":{"minecraft:oak_door":3,"minecraft:oak_planks":316,"minecraft:oak_slab":120,"minecraft:wooden_shovel":1,"minecraft:crafting_table":4,"minecraft:spruce_planks":24,"minecraft:wooden_pickaxe":1,"minecraft:iron_sword":1,"minecraft:smithing_table":1,"minecraft:furnace":1,"minecraft:hay_block":21,"minecraft:birch_planks":4,"minecraft:stone_axe":1,"minecraft:bread":24,"minecraft:air":0,"minecraft:cartography_table":1,"minecraft:glass":20,"minecraft:iron_axe":1,"minecraft:stick":24,"minecraft:iron_ingot":15,"minecraft:iron_pickaxe":2,"minecraft:stone_pickaxe":3,"minecraft:stone_sword":1,"minecraft:chest":2,"minecraft:spruce_boat":1,"minecraft:torch":44,"minecraft:wheat":261},"minecraft:killed":{"minecraft:zombie_villager":2,"minecraft:spider":2,"minecraft:skeleton":2}},"DataVersion":3955}