{"stats":{"minecraft:crafted":{"minecraft:wooden_shovel":1,"minecraft:crafting_table":2,"minecraft:spruce_planks":24,"minecraft:stick":12,"minecraft:wooden_pickaxe":1,"minecraft:stone_pickaxe":2,"minecraft:stone_sword":1,"minecraft:spruce_boat":1,"minecraft:hay_block":21,"minecraft:birch_planks":4,"minecraft:stone_axe":1,"minecraft:bread":24,"minecraft:wheat":261},"minecraft:used":{"minecraft:spruce_boat":4,"minecraft:stone_sword":12,"minecraft:bread":4,"minecraft:stone_pickaxe":31,"minecraft:leather_helmet":1,"minecraft:wooden_pickaxe":23,"minecraft:wooden_shovel":6,"minecraft:stone_axe":6,"minecraft:dirt":1,"minecraft:crafting_table":4,"minecraft:sweet_berries":21},"minecraft:custom":{"minecraft:interact_with_smithing_table":1,"minecraft:time_since_rest":9740,"minecraft:sprint_one_cm":108484,"minecraft:damage_taken":211,"minecraft:walk_one_cm":50805,"minecraft:mob_kills":3,"minecraft:interact_with_anvil":1,"minecraft:damage_dealt":169,"minecraft:interact_with_crafting_table":7,"minecraft:swim_one_cm":10575,"minecraft:fly_one_cm":149163,"minecraft:open_chest":22,"minecraft:crouch_one_cm":50,"minecraft:play_time":29363,"minecraft:sneak_time":65,"minecraft:walk_under_water_one_cm":3077,"minecraft:boat_one_cm":148401,"minecraft:jump":584,"minecraft:interact_with_blast_furnace":1,"minecraft:walk_on_water_one_cm":1933,"minecraft:time_since_death":29363,"minecraft:sleep_in_bed":10,"minecraft:total_world_time":29363,"minecraft:fall_one_cm":12912},"minecraft:killed":{"minecraft:skeleton":1,"minecraft:zombie_villager":2},"minecraft:picked_up":{"minecraft:birch_log":1,"minecraft:raw_iron":2,"minecraft:crafting_table":3,"minecraft:sweet_berries":21,"minecraft:oak_fence":2,"minecraft:spruce_sapling":1,"minecraft:spruce_log":6,"minecraft:dirt":7,"minecraft:bone":1,"minecraft:rotten_flesh":3,"minecraft:wheat_seeds":2,"minecraft:spruce_boat":4,"minecraft:hay_block":37,"minecraft:oak_sapling":2,"minecraft:sugar_cane":7,"minecraft:coal":20,"minecraft:cobblestone":29},"minecraft:mined":{"minecraft:hay_block":37,"minecraft:birch_log":1,"minecraft:iron_ore":2,"minecraft:spruce_log":6,"minecraft:oak_fence":2,"minecraft:crafting_table":3,"minecraft:short_grass":4,"minecraft:grass_block":3,"minecraft:coal_ore":20,"minecraft:dirt":4,"minecraft:tall_grass":1,"minecraft:spruce_leaves":4,"minecraft:stone":29,"minecraft:sugar_cane":3,"minecraft:oak_leaves":2}},"DataVersion":3955}