{"stats":{"minecraft:crafted":{"minecraft:cobblestone_slab":6,"minecraft:furnace":2,"minecraft:lever":2,"minecraft:flint_and_steel":1,"minecraft:glass":128,"minecraft:diamond_helmet":1,"minecraft:diamond_leggings":2,"minecraft:iron_boots":1,"minecraft:iron_axe":1,"minecraft:spruce_slab":18,"minecraft:stone_pickaxe":3,"minecraft:chest":23,"minecraft:diamond_boots":2,"minecraft:iron_door":3,"minecraft:golden_helmet":1,"minecraft:cooked_beef":28,"minecraft:diamond_sword":1,"minecraft:diamond_axe":1,"minecraft:crafting_table":6,"minecraft:spruce_planks":296,"minecraft:wooden_pickaxe":1,"minecraft:iron_helmet":1,"minecraft:iron_sword":2,"minecraft:cooked_salmon":112,"minecraft:bucket":1,"minecraft:air":0,"minecraft:spruce_trapdoor":8,"minecraft:book":22,"minecraft:paper":126,"minecraft:iron_chestplate":1,"minecraft:diamond_pickaxe":1,"minecraft:shield":1,"minecraft:stick":24,"minecraft:iron_ingot":247,"minecraft:iron_pickaxe":7,"minecraft:gold_ingot":7,"minecraft:iron_leggings":1,"minecraft:white_bed":4,"minecraft:composter":2,"minecraft:shears":1,"minecraft:diamond_chestplate":2},"minecraft:used":{"minecraft:enchanting_table":1,"minecraft:flint_and_steel":2,"minecraft:dispenser":5,"minecraft:redstone":31,"minecraft:chest":25,"minecraft:spruce_planks":10,"minecraft:shield":47,"minecraft:iron_sword":327,"minecraft:cooked_salmon":29,"minecraft:bell":1,"minecraft:rotten_flesh":2,"minecraft:netherrack":1,"minecraft:iron_chestplate":1,"minecraft:torch":206,"minecraft:dirt":518,"minecraft:hopper":17,"minecraft:carrot":37,"minecraft:obsidian":18,"minecraft:tuff":38,"minecraft:granite":6,"minecraft:spruce_fence":62,"minecraft:glass":233,"minecraft:iron_hoe":259,"minecraft:lava_bucket":4,"minecraft:bookshelf":18,"minecraft:iron_axe":246,"minecraft:grass_block":37,"minecraft:chicken_spawn_egg":55,"minecraft:iron_helmet":1,"minecraft:iron_boots":1,"minecraft:repeater":10,"minecraft:sweet_berries":50,"minecraft:furnace":8,"minecraft:egg":187,"minecraft:potato":13,"minecraft:cobbled_deepslate":23,"minecraft:iron_leggings":1,"minecraft:wheat_seeds":115,"minecraft:water_bucket":21,"minecraft:diorite":2,"minecraft:cow_spawn_egg":16,"minecraft:stone_pickaxe":337,"minecraft:sugar_cane":355,"minecraft:wooden_pickaxe":59,"minecraft:diamond_axe":619,"minecraft:spruce_sign":2,"minecraft:sandstone":1,"minecraft:composter":2,"minecraft:spruce_fence_gate":8,"minecraft:cobblestone_slab":8,"minecraft:sheep_spawn_egg":7,"minecraft:salmon":2,"minecraft:mossy_cobblestone":1,"minecraft:sand":101,"minecraft:crafting_table":13,"minecraft:white_bed":5,"minecraft:shears":2,"minecraft:redstone_torch":1,"minecraft:lever":6,"minecraft:diamond_pickaxe":792,"minecraft:birch_slab":12,"minecraft:iron_pickaxe":2538,"minecraft:spruce_trapdoor":7,"minecraft:iron_door":1,"minecraft:diamond_sword":112,"minecraft:purple_bed":4,"minecraft:porkchop":1,"minecraft:cobblestone":84,"minecraft:white_banner":4,"minecraft:grindstone":2,"minecraft:bucket":17},"minecraft:custom":{"minecraft:mob_kills":235,"minecraft:animals_bred":18,"minecraft:inspect_hopper":10,"minecraft:interact_with_crafting_table":50,"minecraft:bell_ring":1,"minecraft:leave_game":4,"minecraft:time_since_death":182466,"minecraft:sprint_one_cm":816965,"minecraft:walk_one_cm":655478,"minecraft:damage_blocked_by_shield":1160,"minecraft:drop":127,"minecraft:play_time":342034,"minecraft:sneak_time":8427,"minecraft:deaths":1,"minecraft:walk_under_water_one_cm":99236,"minecraft:jump":2738,"minecraft:walk_on_water_one_cm":67338,"minecraft:enchant_item":7,"minecraft:total_world_time":342034,"minecraft:interact_with_furnace":111,"minecraft:interact_with_grindstone":2,"minecraft:sleep_in_bed":6,"minecraft:time_since_rest":36653,"minecraft:damage_taken":1096,"minecraft:damage_dealt":24394,"minecraft:swim_one_cm":116349,"minecraft:fly_one_cm":718858,"minecraft:open_chest":265,"minecraft:crouch_one_cm":20914,"minecraft:horse_one_cm":699,"minecraft:inspect_dispenser":15,"minecraft:fall_one_cm":25154},"minecraft:broken":{"minecraft:wooden_pickaxe":1,"minecraft:stone_pickaxe":2,"minecraft:iron_axe":1,"minecraft:iron_sword":1,"minecraft:iron_pickaxe":4},"minecraft:dropped":{"minecraft:iron_sword":1,"minecraft:moss_block":2,"minecraft:wheat_seeds":2,"minecraft:ominous_bottle":60,"minecraft:crafting_table":1,"minecraft:bookshelf":1,"minecraft:diamond_leggings":1,"minecraft:feather":2,"minecraft:cobblestone":309,"minecraft:iron_helmet":3,"minecraft:granite":50,"minecraft:copper_ingot":1,"minecraft:grass_block":2,"minecraft:coal":28,"minecraft:spruce_fence_gate":65,"minecraft:stick":14,"minecraft:dirt":6,"minecraft:diorite":30,"minecraft:ink_sac":2,"minecraft:dispenser":60,"minecraft:repeater":48,"minecraft:diamond_helmet":1,"minecraft:gold_nugget":5,"minecraft:iron_leggings":2,"minecraft:bone_meal":3,"minecraft:flowering_azalea":1,"minecraft:iron_pickaxe":4,"minecraft:bone":2,"minecraft:gravel":9,"minecraft:furnace":4,"minecraft:crimson_fungus":2,"minecraft:sweet_berries":1,"minecraft:sugar_cane":1,"minecraft:birch_sapling":1,"minecraft:cobbled_deepslate":111,"minecraft:tuff":22,"minecraft:wheat":17,"minecraft:chicken":1,"minecraft:rotten_flesh":12,"minecraft:grindstone":1,"minecraft:iron_boots":3,"minecraft:spruce_fence":57,"minecraft:carrot":29,"minecraft:potato":25,"minecraft:diamond_chestplate":1,"minecraft:iron_chestplate":2,"minecraft:andesite":24,"minecraft:hopper":57,"minecraft:chest":1,"minecraft:redstone_torch":32,"minecraft:spruce_log":46,"minecraft:diamond_boots":1,"minecraft:arrow":3,"minecraft:glass":18,"minecraft:stone_pickaxe":1,"minecraft:enchanting_table":1,"minecraft:egg":362},"minecraft:killed":{"minecraft:spider":11,"minecraft:phantom":3,"minecraft:skeleton":19,"minecraft:chicken":6,"minecraft:drowned":2,"minecraft:pig":4,"minecraft:salmon":114,"minecraft:rabbit":1,"minecraft:bat":2,"minecraft:creeper":9,"minecraft:squid":1,"minecraft:pillager":2,"minecraft:zombie":42,"minecraft:villager":2,"minecraft:cow":15},"minecraft:picked_up":{"minecraft:spruce_leaves":2,"minecraft:iron_chestplate":1,"minecraft:crafting_table":6,"minecraft:ominous_bottle":1,"minecraft:chicken":1,"minecraft:diamond_sword":1,"minecraft:shield":1,"minecraft:raw_copper":10,"minecraft:string":7,"minecraft:cooked_salmon":32,"minecraft:iron_leggings":1,"minecraft:gold_nugget":23,"minecraft:diamond_leggings":1,"minecraft:cobbled_deepslate":465,"minecraft:beef":28,"minecraft:sugar_cane":129,"minecraft:birch_sapling":1,"minecraft:cobblestone_slab":4,"minecraft:iron_pickaxe":1,"minecraft:light_gray_wool":1,"minecraft:chest":1,"minecraft:phantom_membrane":2,"minecraft:furnace":10,"minecraft:iron_boots":2,"minecraft:egg":228,"minecraft:stick":59,"minecraft:raw_iron":311,"minecraft:sandstone":76,"minecraft:copper_ingot":1,"minecraft:torch":518,"minecraft:porkchop":7,"minecraft:diorite":73,"minecraft:redstone":4,"minecraft:arrow":6,"minecraft:rotten_flesh":31,"minecraft:diamond_chestplate":1,"minecraft:diamond_boots":1,"minecraft:obsidian":139,"minecraft:white_wool":34,"minecraft:cobblestone":879,"minecraft:birch_log":7,"minecraft:feather":2,"minecraft:iron_door":1,"minecraft:water_bucket":1,"minecraft:andesite":46,"minecraft:salmon":114,"minecraft:leather":22,"minecraft:flint":1,"minecraft:crimson_fungus":2,"minecraft:tuff":64,"minecraft:ancient_debris":1,"minecraft:gunpowder":6,"minecraft:lapis_lazuli":26,"minecraft:dirt":97,"minecraft:white_banner":1,"minecraft:bone":18,"minecraft:bow":2,"minecraft:wheat_seeds":1,"minecraft:raw_gold":57,"minecraft:bell":1,"minecraft:iron_ingot":1,"minecraft:diamond_helmet":2,"minecraft:rabbit":1,"minecraft:moss_block":2,"minecraft:flowering_azalea":1,"minecraft:sweet_berries":81,"minecraft:quartz":13,"minecraft:gravel":13,"minecraft:sand":167,"minecraft:spruce_sapling":90,"minecraft:ink_sac":2,"minecraft:white_bed":1,"minecraft:spruce_log":726,"minecraft:mossy_cobblestone":1,"minecraft:spruce_fence_gate":1,"minecraft:purple_bed":2,"minecraft:diamond":576,"minecraft:lever":5,"minecraft:iron_helmet":2,"minecraft:granite":88,"minecraft:diamond_axe":1,"minecraft:bone_meal":9,"minecraft:netherrack":120,"minecraft:coal":101,"minecraft:crimson_roots":1,"minecraft:diamond_pickaxe":1},"minecraft:mined":{"minecraft:nether_gold_ore":8,"minecraft:diamond_ore":2,"minecraft:tuff":295,"minecraft:white_bed":1,"minecraft:mossy_cobblestone":1,"minecraft:deepslate_diamond_ore":197,"minecraft:obsidian":138,"minecraft:lever":4,"minecraft:granite":93,"minecraft:grass_block":17,"minecraft:redstone_wire":4,"minecraft:spruce_leaves":116,"minecraft:crimson_fungus":1,"minecraft:moss_block":2,"minecraft:sandstone":79,"minecraft:large_fern":3,"minecraft:furnace":6,"minecraft:iron_ore":158,"minecraft:fire":1,"minecraft:cobbled_deepslate":1,"minecraft:andesite":50,"minecraft:bell":1,"minecraft:cobblestone_slab":5,"minecraft:deepslate_iron_ore":157,"minecraft:stone":849,"minecraft:crafting_table":6,"minecraft:torch":1,"minecraft:short_grass":3,"minecraft:chest":1,"minecraft:nether_quartz_ore":13,"minecraft:glass":13,"minecraft:cobblestone":12,"minecraft:sugar_cane":65,"minecraft:deepslate_gold_ore":25,"minecraft:lapis_ore":4,"minecraft:diorite":133,"minecraft:iron_door":1,"minecraft:wall_torch":1,"minecraft:purple_bed":2,"minecraft:birch_log":7,"minecraft:sweet_berry_bush":20,"minecraft:spruce_log":664,"minecraft:coal_ore":53,"minecraft:sand":168,"minecraft:gravel":14,"minecraft:dirt":64,"minecraft:ancient_debris":1,"minecraft:netherrack":123,"minecraft:gold_ore":11,"minecraft:oak_leaves":2,"minecraft:deepslate":1226}},"DataVersion":3955}