{"stats":{"minecraft:crafted":{"minecraft:cobblestone_slab":6,"minecraft:furnace":2,"minecraft:lever":2,"minecraft:flint_and_steel":1,"minecraft:glass":78,"minecraft:diamond_leggings":2,"minecraft:diamond_helmet":1,"minecraft:iron_boots":1,"minecraft:iron_axe":1,"minecraft:spruce_slab":18,"minecraft:stone_pickaxe":3,"minecraft:chest":23,"minecraft:diamond_boots":2,"minecraft:iron_door":3,"minecraft:diamond_sword":1,"minecraft:diamond_axe":1,"minecraft:crafting_table":6,"minecraft:spruce_planks":296,"minecraft:wooden_pickaxe":1,"minecraft:iron_helmet":1,"minecraft:iron_sword":2,"minecraft:cooked_salmon":112,"minecraft:bucket":1,"minecraft:air":0,"minecraft:spruce_trapdoor":8,"minecraft:iron_chestplate":1,"minecraft:diamond_pickaxe":1,"minecraft:shield":1,"minecraft:stick":24,"minecraft:iron_ingot":119,"minecraft:iron_pickaxe":7,"minecraft:iron_leggings":1,"minecraft:white_bed":4,"minecraft:composter":2,"minecraft:shears":1,"minecraft:diamond_chestplate":2},"minecraft:used":{"minecraft:enchanting_table":1,"minecraft:flint_and_steel":2,"minecraft:dispenser":5,"minecraft:redstone":27,"minecraft:spruce_planks":10,"minecraft:chest":25,"minecraft:shield":46,"minecraft:iron_sword":327,"minecraft:cooked_salmon":21,"minecraft:rotten_flesh":2,"minecraft:iron_chestplate":1,"minecraft:torch":199,"minecraft:dirt":509,"minecraft:hopper":17,"minecraft:carrot":37,"minecraft:tuff":38,"minecraft:spruce_fence":62,"minecraft:granite":6,"minecraft:obsidian":18,"minecraft:glass":232,"minecraft:iron_hoe":259,"minecraft:lava_bucket":4,"minecraft:bookshelf":18,"minecraft:grass_block":37,"minecraft:iron_axe":246,"minecraft:chicken_spawn_egg":55,"minecraft:iron_helmet":1,"minecraft:iron_boots":1,"minecraft:repeater":10,"minecraft:sweet_berries":19,"minecraft:furnace":8,"minecraft:egg":45,"minecraft:potato":13,"minecraft:cobbled_deepslate":23,"minecraft:iron_leggings":1,"minecraft:wheat_seeds":115,"minecraft:water_bucket":21,"minecraft:diorite":2,"minecraft:cow_spawn_egg":16,"minecraft:stone_pickaxe":337,"minecraft:sandstone":1,"minecraft:composter":2,"minecraft:wooden_pickaxe":59,"minecraft:cobblestone_slab":7,"minecraft:spruce_sign":2,"minecraft:sugar_cane":354,"minecraft:sheep_spawn_egg":7,"minecraft:spruce_fence_gate":8,"minecraft:diamond_axe":522,"minecraft:salmon":2,"minecraft:mossy_cobblestone":1,"minecraft:sand":101,"minecraft:crafting_table":12,"minecraft:white_bed":5,"minecraft:shears":2,"minecraft:redstone_torch":1,"minecraft:lever":6,"minecraft:diamond_pickaxe":623,"minecraft:birch_slab":12,"minecraft:iron_pickaxe":2538,"minecraft:spruce_trapdoor":7,"minecraft:iron_door":1,"minecraft:diamond_sword":109,"minecraft:cobblestone":84,"minecraft:purple_bed":2,"minecraft:grindstone":2,"minecraft:white_banner":4,"minecraft:porkchop":1,"minecraft:bucket":17},"minecraft:custom":{"minecraft:mob_kills":210,"minecraft:inspect_hopper":5,"minecraft:interact_with_crafting_table":45,"minecraft:leave_game":3,"minecraft:time_since_death":107308,"minecraft:sprint_one_cm":601244,"minecraft:walk_one_cm":488915,"minecraft:damage_blocked_by_shield":1130,"minecraft:drop":112,"minecraft:deaths":1,"minecraft:play_time":266876,"minecraft:sneak_time":8086,"minecraft:walk_under_water_one_cm":98582,"minecraft:jump":1978,"minecraft:walk_on_water_one_cm":66421,"minecraft:enchant_item":4,"minecraft:total_world_time":266876,"minecraft:interact_with_furnace":90,"minecraft:sleep_in_bed":3,"minecraft:time_since_rest":18376,"minecraft:damage_taken":1019,"minecraft:damage_dealt":21282,"minecraft:swim_one_cm":111831,"minecraft:fly_one_cm":548667,"minecraft:open_chest":162,"minecraft:crouch_one_cm":20511,"minecraft:inspect_dispenser":7,"minecraft:fall_one_cm":16293},"minecraft:broken":{"minecraft:wooden_pickaxe":1,"minecraft:stone_pickaxe":2,"minecraft:iron_axe":1,"minecraft:iron_sword":1,"minecraft:iron_pickaxe":4},"minecraft:dropped":{"minecraft:iron_sword":1,"minecraft:moss_block":2,"minecraft:wheat_seeds":2,"minecraft:ominous_bottle":60,"minecraft:crafting_table":1,"minecraft:bookshelf":1,"minecraft:diamond_leggings":1,"minecraft:iron_helmet":2,"minecraft:cobblestone":309,"minecraft:granite":50,"minecraft:copper_ingot":1,"minecraft:grass_block":2,"minecraft:coal":28,"minecraft:spruce_fence_gate":65,"minecraft:stick":12,"minecraft:dirt":5,"minecraft:diorite":30,"minecraft:dispenser":60,"minecraft:ink_sac":2,"minecraft:repeater":48,"minecraft:diamond_helmet":1,"minecraft:iron_leggings":2,"minecraft:bone_meal":3,"minecraft:flowering_azalea":1,"minecraft:iron_pickaxe":4,"minecraft:bone":2,"minecraft:gravel":9,"minecraft:furnace":4,"minecraft:sweet_berries":1,"minecraft:sugar_cane":1,"minecraft:cobbled_deepslate":111,"minecraft:tuff":22,"minecraft:wheat":17,"minecraft:rotten_flesh":12,"minecraft:grindstone":1,"minecraft:iron_boots":3,"minecraft:spruce_fence":57,"minecraft:carrot":29,"minecraft:potato":25,"minecraft:diamond_chestplate":1,"minecraft:iron_chestplate":2,"minecraft:andesite":24,"minecraft:hopper":57,"minecraft:chest":1,"minecraft:redstone_torch":32,"minecraft:diamond_boots":1,"minecraft:spruce_log":46,"minecraft:glass":18,"minecraft:arrow":1,"minecraft:stone_pickaxe":1,"minecraft:enchanting_table":1,"minecraft:egg":302},"minecraft:killed":{"minecraft:spider":11,"minecraft:phantom":3,"minecraft:skeleton":16,"minecraft:chicken":1,"minecraft:drowned":2,"minecraft:pig":4,"minecraft:salmon":114,"minecraft:rabbit":1,"minecraft:bat":2,"minecraft:creeper":9,"minecraft:squid":1,"minecraft:pillager":2,"minecraft:zombie":42},"minecraft:picked_up":{"minecraft:spruce_leaves":2,"minecraft:crafting_table":5,"minecraft:iron_chestplate":1,"minecraft:ominous_bottle":1,"minecraft:diamond_sword":1,"minecraft:shield":1,"minecraft:string":7,"minecraft:cooked_salmon":32,"minecraft:iron_leggings":1,"minecraft:diamond_leggings":1,"minecraft:cobbled_deepslate":465,"minecraft:cobblestone_slab":4,"minecraft:light_gray_wool":1,"minecraft:egg":44,"minecraft:iron_pickaxe":1,"minecraft:chest":1,"minecraft:furnace":10,"minecraft:phantom_membrane":2,"minecraft:iron_boots":2,"minecraft:stick":57,"minecraft:raw_iron":311,"minecraft:sandstone":76,"minecraft:copper_ingot":1,"minecraft:torch":518,"minecraft:porkchop":7,"minecraft:diorite":73,"minecraft:rotten_flesh":31,"minecraft:arrow":4,"minecraft:diamond_chestplate":1,"minecraft:diamond_boots":1,"minecraft:obsidian":125,"minecraft:white_wool":34,"minecraft:cobblestone":879,"minecraft:iron_door":1,"minecraft:water_bucket":1,"minecraft:andesite":46,"minecraft:salmon":114,"minecraft:flint":1,"minecraft:tuff":64,"minecraft:gunpowder":6,"minecraft:lapis_lazuli":26,"minecraft:dirt":87,"minecraft:white_banner":1,"minecraft:bone":12,"minecraft:bow":2,"minecraft:wheat_seeds":1,"minecraft:raw_gold":57,"minecraft:bell":1,"minecraft:iron_ingot":1,"minecraft:diamond_helmet":2,"minecraft:rabbit":1,"minecraft:moss_block":2,"minecraft:flowering_azalea":1,"minecraft:sweet_berries":50,"minecraft:gravel":13,"minecraft:sand":167,"minecraft:spruce_sapling":90,"minecraft:ink_sac":2,"minecraft:white_bed":1,"minecraft:spruce_log":726,"minecraft:mossy_cobblestone":1,"minecraft:spruce_fence_gate":1,"minecraft:diamond":576,"minecraft:lever":5,"minecraft:iron_helmet":1,"minecraft:diamond_axe":1,"minecraft:granite":88,"minecraft:bone_meal":9,"minecraft:coal":101,"minecraft:crimson_roots":1,"minecraft:diamond_pickaxe":1},"minecraft:mined":{"minecraft:diamond_ore":2,"minecraft:tuff":295,"minecraft:white_bed":1,"minecraft:mossy_cobblestone":1,"minecraft:deepslate_diamond_ore":197,"minecraft:obsidian":124,"minecraft:lever":4,"minecraft:granite":93,"minecraft:grass_block":14,"minecraft:spruce_leaves":116,"minecraft:moss_block":2,"minecraft:sandstone":79,"minecraft:large_fern":3,"minecraft:furnace":6,"minecraft:iron_ore":158,"minecraft:cobbled_deepslate":1,"minecraft:andesite":50,"minecraft:bell":1,"minecraft:cobblestone_slab":4,"minecraft:deepslate_iron_ore":157,"minecraft:stone":849,"minecraft:crafting_table":5,"minecraft:torch":1,"minecraft:short_grass":3,"minecraft:chest":1,"minecraft:glass":12,"minecraft:cobblestone":12,"minecraft:lapis_ore":4,"minecraft:deepslate_gold_ore":25,"minecraft:diorite":133,"minecraft:iron_door":1,"minecraft:wall_torch":1,"minecraft:sweet_berry_bush":20,"minecraft:spruce_log":664,"minecraft:coal_ore":53,"minecraft:gravel":14,"minecraft:sand":168,"minecraft:dirt":57,"minecraft:gold_ore":11,"minecraft:oak_leaves":2,"minecraft:deepslate":1226}},"DataVersion":3955}