{"stats":{"minecraft:crafted":{"minecraft:furnace":2,"minecraft:flint_and_steel":1,"minecraft:diamond_leggings":2,"minecraft:diamond_helmet":1,"minecraft:iron_boots":1,"minecraft:iron_axe":1,"minecraft:stone_pickaxe":3,"minecraft:chest":23,"minecraft:diamond_boots":2,"minecraft:diamond_sword":1,"minecraft:diamond_axe":1,"minecraft:crafting_table":5,"minecraft:spruce_planks":296,"minecraft:wooden_pickaxe":1,"minecraft:iron_helmet":1,"minecraft:iron_sword":2,"minecraft:cooked_salmon":112,"minecraft:bucket":1,"minecraft:air":0,"minecraft:iron_chestplate":1,"minecraft:diamond_pickaxe":1,"minecraft:shield":1,"minecraft:stick":24,"minecraft:iron_ingot":58,"minecraft:iron_pickaxe":7,"minecraft:iron_leggings":1,"minecraft:white_bed":1,"minecraft:shears":1,"minecraft:diamond_chestplate":2},"minecraft:used":{"minecraft:flint_and_steel":2,"minecraft:chest":17,"minecraft:shield":46,"minecraft:iron_sword":327,"minecraft:cooked_salmon":18,"minecraft:rotten_flesh":2,"minecraft:iron_chestplate":1,"minecraft:torch":150,"minecraft:dirt":448,"minecraft:carrot":37,"minecraft:tuff":38,"minecraft:spruce_fence":54,"minecraft:granite":6,"minecraft:obsidian":18,"minecraft:iron_hoe":255,"minecraft:lava_bucket":2,"minecraft:grass_block":37,"minecraft:iron_axe":246,"minecraft:chicken_spawn_egg":22,"minecraft:iron_helmet":1,"minecraft:iron_boots":1,"minecraft:sweet_berries":3,"minecraft:furnace":8,"minecraft:potato":13,"minecraft:cobbled_deepslate":23,"minecraft:iron_leggings":1,"minecraft:wheat_seeds":115,"minecraft:water_bucket":13,"minecraft:diorite":2,"minecraft:cow_spawn_egg":16,"minecraft:stone_pickaxe":337,"minecraft:wooden_pickaxe":59,"minecraft:sheep_spawn_egg":7,"minecraft:spruce_fence_gate":3,"minecraft:diamond_axe":518,"minecraft:salmon":2,"minecraft:sand":86,"minecraft:crafting_table":9,"minecraft:white_bed":2,"minecraft:shears":2,"minecraft:diamond_pickaxe":453,"minecraft:iron_pickaxe":2538,"minecraft:diamond_sword":106,"minecraft:cobblestone":43,"minecraft:white_banner":4,"minecraft:porkchop":1,"minecraft:bucket":9},"minecraft:custom":{"minecraft:mob_kills":209,"minecraft:interact_with_crafting_table":36,"minecraft:leave_game":3,"minecraft:time_since_death":47308,"minecraft:sprint_one_cm":438326,"minecraft:walk_one_cm":345400,"minecraft:damage_blocked_by_shield":1130,"minecraft:drop":69,"minecraft:deaths":1,"minecraft:play_time":206876,"minecraft:sneak_time":2900,"minecraft:walk_under_water_one_cm":98043,"minecraft:jump":1573,"minecraft:walk_on_water_one_cm":53099,"minecraft:total_world_time":206876,"minecraft:interact_with_furnace":73,"minecraft:sleep_in_bed":1,"minecraft:time_since_rest":33305,"minecraft:damage_taken":1007,"minecraft:damage_dealt":21073,"minecraft:swim_one_cm":111831,"minecraft:fly_one_cm":356754,"minecraft:open_chest":93,"minecraft:crouch_one_cm":3601,"minecraft:fall_one_cm":12723},"minecraft:broken":{"minecraft:wooden_pickaxe":1,"minecraft:stone_pickaxe":2,"minecraft:iron_axe":1,"minecraft:iron_sword":1,"minecraft:iron_pickaxe":4},"minecraft:dropped":{"minecraft:iron_sword":1,"minecraft:moss_block":2,"minecraft:wheat_seeds":1,"minecraft:ominous_bottle":60,"minecraft:diamond_leggings":1,"minecraft:iron_helmet":2,"minecraft:cobblestone":308,"minecraft:granite":50,"minecraft:copper_ingot":1,"minecraft:grass_block":2,"minecraft:stick":12,"minecraft:dirt":4,"minecraft:diorite":30,"minecraft:ink_sac":2,"minecraft:diamond_helmet":1,"minecraft:iron_leggings":2,"minecraft:bone_meal":3,"minecraft:flowering_azalea":1,"minecraft:iron_pickaxe":4,"minecraft:bone":2,"minecraft:gravel":9,"minecraft:furnace":4,"minecraft:sweet_berries":1,"minecraft:cobbled_deepslate":111,"minecraft:tuff":22,"minecraft:rotten_flesh":12,"minecraft:iron_boots":3,"minecraft:carrot":29,"minecraft:potato":25,"minecraft:diamond_chestplate":1,"minecraft:iron_chestplate":2,"minecraft:andesite":24,"minecraft:diamond_boots":1,"minecraft:spruce_log":46,"minecraft:arrow":1,"minecraft:stone_pickaxe":1},"minecraft:killed":{"minecraft:spider":11,"minecraft:phantom":3,"minecraft:skeleton":16,"minecraft:chicken":1,"minecraft:drowned":2,"minecraft:pig":4,"minecraft:salmon":114,"minecraft:rabbit":1,"minecraft:bat":2,"minecraft:creeper":9,"minecraft:squid":1,"minecraft:pillager":2,"minecraft:zombie":41},"minecraft:picked_up":{"minecraft:spruce_leaves":2,"minecraft:crafting_table":4,"minecraft:iron_chestplate":1,"minecraft:ominous_bottle":1,"minecraft:diamond_sword":1,"minecraft:shield":1,"minecraft:string":7,"minecraft:cooked_salmon":32,"minecraft:iron_leggings":1,"minecraft:diamond_leggings":1,"minecraft:cobbled_deepslate":465,"minecraft:iron_pickaxe":1,"minecraft:chest":1,"minecraft:furnace":10,"minecraft:phantom_membrane":2,"minecraft:iron_boots":2,"minecraft:stick":57,"minecraft:raw_iron":311,"minecraft:sandstone":32,"minecraft:copper_ingot":1,"minecraft:porkchop":7,"minecraft:diorite":73,"minecraft:rotten_flesh":29,"minecraft:arrow":4,"minecraft:diamond_chestplate":1,"minecraft:diamond_boots":1,"minecraft:obsidian":125,"minecraft:white_wool":5,"minecraft:cobblestone":782,"minecraft:water_bucket":1,"minecraft:andesite":46,"minecraft:salmon":114,"minecraft:flint":1,"minecraft:tuff":64,"minecraft:gunpowder":6,"minecraft:lapis_lazuli":26,"minecraft:dirt":73,"minecraft:white_banner":1,"minecraft:bone":12,"minecraft:bow":2,"minecraft:wheat_seeds":1,"minecraft:raw_gold":57,"minecraft:iron_ingot":1,"minecraft:diamond_helmet":2,"minecraft:rabbit":1,"minecraft:moss_block":2,"minecraft:flowering_azalea":1,"minecraft:sweet_berries":34,"minecraft:gravel":13,"minecraft:sand":138,"minecraft:spruce_sapling":90,"minecraft:ink_sac":2,"minecraft:white_bed":1,"minecraft:spruce_log":726,"minecraft:diamond":576,"minecraft:iron_helmet":1,"minecraft:diamond_axe":1,"minecraft:granite":88,"minecraft:bone_meal":9,"minecraft:coal":100,"minecraft:crimson_roots":1,"minecraft:diamond_pickaxe":1},"minecraft:mined":{"minecraft:diamond_ore":2,"minecraft:tuff":295,"minecraft:white_bed":1,"minecraft:deepslate_diamond_ore":197,"minecraft:obsidian":124,"minecraft:granite":93,"minecraft:grass_block":7,"minecraft:spruce_leaves":116,"minecraft:moss_block":2,"minecraft:sandstone":35,"minecraft:large_fern":2,"minecraft:furnace":6,"minecraft:iron_ore":158,"minecraft:cobbled_deepslate":1,"minecraft:andesite":50,"minecraft:deepslate_iron_ore":157,"minecraft:stone":761,"minecraft:crafting_table":4,"minecraft:short_grass":2,"minecraft:chest":1,"minecraft:cobblestone":3,"minecraft:lapis_ore":4,"minecraft:deepslate_gold_ore":25,"minecraft:diorite":133,"minecraft:sweet_berry_bush":9,"minecraft:spruce_log":664,"minecraft:coal_ore":52,"minecraft:gravel":14,"minecraft:sand":139,"minecraft:dirt":48,"minecraft:gold_ore":11,"minecraft:deepslate":1226}},"DataVersion":3955}