{"stats":{"minecraft:mined":{"minecraft:white_bed":1,"minecraft:obsidian":152,"minecraft:granite":102,"minecraft:chiseled_polished_blackstone":2,"minecraft:grass_block":17,"minecraft:cracked_polished_blackstone_bricks":11,"minecraft:crimson_fungus":1,"minecraft:gilded_blackstone":2,"minecraft:polished_blackstone_bricks":5,"minecraft:magma_block":5,"minecraft:iron_ore":159,"minecraft:cobbled_deepslate":1,"minecraft:fire":8,"minecraft:azalea":1,"minecraft:deepslate_redstone_ore":4,"minecraft:blackstone":213,"minecraft:crimson_nylium":1,"minecraft:amethyst_cluster":2,"minecraft:torch":1,"minecraft:calcite":3,"minecraft:chest":1,"minecraft:glass":15,"minecraft:nether_quartz_ore":106,"minecraft:cobblestone":12,"minecraft:sugar_cane":65,"minecraft:iron_door":1,"minecraft:wall_torch":1,"minecraft:amethyst_block":4,"minecraft:birch_log":7,"minecraft:sand":168,"minecraft:dirt":64,"minecraft:crimson_planks":1,"minecraft:smooth_basalt":2,"minecraft:netherrack":2340,"minecraft:ancient_debris":32,"minecraft:oak_leaves":2,"minecraft:deepslate":1352,"minecraft:nether_gold_ore":274,"minecraft:diamond_ore":2,"minecraft:tuff":319,"minecraft:mossy_cobblestone":1,"minecraft:deepslate_diamond_ore":197,"minecraft:lever":4,"minecraft:redstone_wire":7,"minecraft:spruce_leaves":116,"minecraft:moss_block":3,"minecraft:sandstone":79,"minecraft:crimson_stem":2,"minecraft:large_fern":3,"minecraft:furnace":6,"minecraft:andesite":71,"minecraft:bell":1,"minecraft:deepslate_iron_ore":157,"minecraft:cobblestone_slab":5,"minecraft:stone":963,"minecraft:soul_sand":1,"minecraft:polished_blackstone_brick_wall":2,"minecraft:crafting_table":6,"minecraft:short_grass":3,"minecraft:lapis_ore":4,"minecraft:deepslate_gold_ore":25,"minecraft:diorite":138,"minecraft:purple_bed":2,"minecraft:sweet_berry_bush":20,"minecraft:spruce_log":664,"minecraft:coal_ore":53,"minecraft:gravel":29,"minecraft:gold_ore":11},"minecraft:broken":{"minecraft:stone_pickaxe":2,"minecraft:iron_sword":1,"minecraft:wooden_pickaxe":1,"minecraft:iron_axe":1,"minecraft:iron_pickaxe":4},"minecraft:custom":{"minecraft:animals_bred":18,"minecraft:interact_with_crafting_table":62,"minecraft:bell_ring":1,"minecraft:leave_game":7,"minecraft:time_since_death":401050,"minecraft:sprint_one_cm":1312910,"minecraft:damage_blocked_by_shield":1381,"minecraft:drop":205,"minecraft:talked_to_villager":48,"minecraft:play_time":560618,"minecraft:deaths":1,"minecraft:jump":4062,"minecraft:interact_with_brewingstand":50,"minecraft:walk_on_water_one_cm":75872,"minecraft:enchant_item":7,"minecraft:interact_with_furnace":126,"minecraft:play_record":4,"minecraft:traded_with_villager":146,"minecraft:sleep_in_bed":7,"minecraft:damage_dealt":27627,"minecraft:crouch_one_cm":43529,"minecraft:inspect_dispenser":24,"minecraft:horse_one_cm":699,"minecraft:interact_with_smithing_table":4,"minecraft:mob_kills":1312,"minecraft:inspect_hopper":12,"minecraft:climb_one_cm":10370,"minecraft:walk_one_cm":1078679,"minecraft:sneak_time":14748,"minecraft:walk_under_water_one_cm":103021,"minecraft:total_world_time":560618,"minecraft:interact_with_grindstone":4,"minecraft:time_since_rest":103942,"minecraft:damage_taken":1284,"minecraft:swim_one_cm":122943,"minecraft:fly_one_cm":1222166,"minecraft:open_chest":383,"minecraft:fall_one_cm":42835},"minecraft:used":{"minecraft:dispenser":6,"minecraft:ladder":49,"minecraft:chest":26,"minecraft:shield":55,"minecraft:iron_sword":327,"minecraft:nether_wart":16,"minecraft:bell":1,"minecraft:rotten_flesh":2,"minecraft:iron_chestplate":1,"minecraft:soul_sand":19,"minecraft:carrot":37,"minecraft:tuff":38,"minecraft:obsidian":30,"minecraft:glass":295,"minecraft:lava_bucket":7,"minecraft:villager_spawn_egg":12,"minecraft:grass_block":129,"minecraft:iron_helmet":1,"minecraft:repeater":10,"minecraft:sweet_berries":50,"minecraft:furnace":8,"minecraft:egg":389,"minecraft:potato":13,"minecraft:diorite":2,"minecraft:cow_spawn_egg":16,"minecraft:stone_pickaxe":337,"minecraft:blackstone":2,"minecraft:wooden_pickaxe":59,"minecraft:sandstone":1,"minecraft:composter":6,"minecraft:sugar_cane":355,"minecraft:diamond_axe":655,"minecraft:sand":101,"minecraft:lingering_potion":1,"minecraft:shears":2,"minecraft:redstone_torch":1,"minecraft:lever":6,"minecraft:birch_slab":12,"minecraft:lectern":27,"minecraft:iron_door":1,"minecraft:gravel":5,"minecraft:diamond_sword":112,"minecraft:grindstone":3,"minecraft:smithing_table":1,"minecraft:oak_trapdoor":7,"minecraft:netherite_sword":130,"minecraft:enchanting_table":1,"minecraft:flint_and_steel":8,"minecraft:armor_stand":2,"minecraft:redstone":34,"minecraft:spruce_planks":10,"minecraft:cooked_salmon":32,"minecraft:cooked_chicken":3,"minecraft:netherrack":477,"minecraft:torch":241,"minecraft:brewing_stand":4,"minecraft:dirt":519,"minecraft:hopper":17,"minecraft:cobblestone_wall":2,"minecraft:allay_spawn_egg":12,"minecraft:granite":6,"minecraft:spruce_fence":62,"minecraft:iron_hoe":262,"minecraft:bookshelf":23,"minecraft:iron_axe":246,"minecraft:spruce_button":1,"minecraft:chicken_spawn_egg":55,"minecraft:iron_boots":1,"minecraft:crimson_planks":4,"minecraft:cooked_beef":5,"minecraft:cobbled_deepslate":23,"minecraft:iron_leggings":1,"minecraft:wheat_seeds":115,"minecraft:water_bucket":26,"minecraft:glass_bottle":19,"minecraft:spruce_sign":7,"minecraft:fletching_table":11,"minecraft:sheep_spawn_egg":7,"minecraft:spruce_fence_gate":8,"minecraft:cobblestone_slab":8,"minecraft:salmon":2,"minecraft:mossy_cobblestone":1,"minecraft:tnt":167,"minecraft:crafting_table":15,"minecraft:white_bed":12,"minecraft:diamond_pickaxe":3973,"minecraft:iron_pickaxe":2538,"minecraft:netherite_axe":5,"minecraft:spruce_trapdoor":7,"minecraft:cobblestone":240,"minecraft:purple_bed":5,"minecraft:white_banner":4,"minecraft:porkchop":1,"minecraft:bucket":19,"minecraft:jukebox":1},"minecraft:dropped":{"minecraft:iron_sword":1,"minecraft:soul_sand":1,"minecraft:moss_block":2,"minecraft:ominous_bottle":60,"minecraft:crafting_table":2,"minecraft:netherite_upgrade_smithing_template":64,"minecraft:emerald":390,"minecraft:dirt":6,"minecraft:dispenser":60,"minecraft:crimson_roots":1,"minecraft:gold_nugget":12,"minecraft:amethyst_shard":1,"minecraft:bone_meal":3,"minecraft:iron_pickaxe":4,"minecraft:bone":2,"minecraft:gravel":14,"minecraft:crimson_fungus":2,"minecraft:blackstone":9,"minecraft:sugar_cane":1,"minecraft:iron_nugget":7,"minecraft:cobbled_deepslate":111,"minecraft:wheat":17,"minecraft:birch_sapling":3,"minecraft:rotten_flesh":16,"minecraft:grindstone":2,"minecraft:carrot":29,"minecraft:hopper":57,"minecraft:chest":1,"minecraft:arrow":3,"minecraft:glass":110,"minecraft:netherrack":600,"minecraft:enchanting_table":1,"minecraft:lectern":1,"minecraft:egg":362,"minecraft:crimson_planks":1,"minecraft:wheat_seeds":3,"minecraft:bookshelf":2,"minecraft:diamond_leggings":1,"minecraft:iron_helmet":3,"minecraft:feather":2,"minecraft:cobblestone":309,"minecraft:granite":55,"minecraft:copper_ingot":1,"minecraft:grass_block":3,"minecraft:coal":28,"minecraft:stick":82,"minecraft:spruce_fence_gate":65,"minecraft:diorite":30,"minecraft:ink_sac":2,"minecraft:repeater":48,"minecraft:cooked_salmon":16,"minecraft:diamond_helmet":1,"minecraft:iron_leggings":2,"minecraft:flowering_azalea":1,"minecraft:furnace":4,"minecraft:sweet_berries":1,"minecraft:oak_trapdoor":1,"minecraft:netherite_ingot":59,"minecraft:nether_wart":125,"minecraft:tuff":22,"minecraft:chicken":1,"minecraft:iron_boots":3,"minecraft:spruce_fence":57,"minecraft:potato":25,"minecraft:stone":1,"minecraft:diamond_chestplate":1,"minecraft:iron_chestplate":2,"minecraft:andesite":24,"minecraft:purple_bed":1,"minecraft:redstone_torch":32,"minecraft:spruce_log":46,"minecraft:diamond_boots":1,"minecraft:stone_pickaxe":1},"minecraft:picked_up":{"minecraft:iron_chestplate":1,"minecraft:lead":2,"minecraft:diamond_sword":1,"minecraft:potion":1,"minecraft:crimson_planks":1,"minecraft:string":7,"minecraft:raw_copper":10,"minecraft:cooked_salmon":32,"minecraft:iron_leggings":1,"minecraft:diamond_leggings":1,"minecraft:gold_nugget":1045,"minecraft:cobbled_deepslate":465,"minecraft:cobblestone_slab":4,"minecraft:iron_pickaxe":1,"minecraft:furnace":10,"minecraft:iron_boots":2,"minecraft:stick":64,"minecraft:torch":519,"minecraft:porkchop":7,"minecraft:diorite":73,"minecraft:rotten_flesh":35,"minecraft:obsidian":153,"minecraft:cobblestone":879,"minecraft:birch_log":7,"minecraft:feather":2,"minecraft:iron_door":1,"minecraft:water_bucket":1,"minecraft:andesite":46,"minecraft:flint":2,"minecraft:tuff":64,"minecraft:lapis_lazuli":26,"minecraft:dirt":97,"minecraft:glass":100,"minecraft:bone":18,"minecraft:bow":2,"minecraft:wheat_seeds":1,"minecraft:raw_gold":57,"minecraft:bell":1,"minecraft:rabbit":1,"minecraft:diamond_helmet":2,"minecraft:moss_block":2,"minecraft:music_disc_13":4,"minecraft:sand":167,"minecraft:ink_sac":2,"minecraft:mossy_cobblestone":1,"minecraft:spruce_fence_gate":1,"minecraft:diamond":576,"minecraft:lever":5,"minecraft:granite":93,"minecraft:bone_meal":9,"minecraft:spruce_sign":2,"minecraft:emerald":2,"minecraft:netherrack":976,"minecraft:diamond_pickaxe":1,"minecraft:crimson_roots":5,"minecraft:spruce_leaves":2,"minecraft:crafting_table":6,"minecraft:ominous_bottle":1,"minecraft:chicken":1,"minecraft:shield":1,"minecraft:netherite_scrap":1,"minecraft:blackstone":45,"minecraft:beef":28,"minecraft:light_gray_wool":1,"minecraft:chest":1,"minecraft:sugar_cane":129,"minecraft:birch_sapling":4,"minecraft:phantom_membrane":2,"minecraft:egg":334,"minecraft:raw_iron":311,"minecraft:sandstone":76,"minecraft:copper_ingot":1,"minecraft:polished_blackstone_bricks":1,"minecraft:redstone":7,"minecraft:arrow":6,"minecraft:diamond_chestplate":1,"minecraft:diamond_boots":1,"minecraft:white_wool":34,"minecraft:crimson_stem":2,"minecraft:salmon":114,"minecraft:leather":24,"minecraft:crimson_fungus":2,"minecraft:ancient_debris":32,"minecraft:gunpowder":6,"minecraft:white_banner":1,"minecraft:iron_ingot":1,"minecraft:soul_sand":1,"minecraft:flowering_azalea":1,"minecraft:sweet_berries":81,"minecraft:quartz":76,"minecraft:gravel":27,"minecraft:amethyst_shard":3,"minecraft:spruce_sapling":90,"minecraft:spruce_log":726,"minecraft:white_bed":1,"minecraft:purple_bed":2,"minecraft:iron_helmet":2,"minecraft:diamond_axe":1,"minecraft:coal":101},"minecraft:crafted":{"minecraft:cobblestone_slab":6,"minecraft:lever":2,"minecraft:green_dye":36,"minecraft:glass":128,"minecraft:diamond_helmet":1,"minecraft:iron_boots":1,"minecraft:diamond_leggings":2,"minecraft:chest":23,"minecraft:iron_door":3,"minecraft:netherite_upgrade_smithing_template":50,"minecraft:glass_bottle":63,"minecraft:emerald":81,"minecraft:diamond_axe":1,"minecraft:crafting_table":7,"minecraft:spruce_planks":296,"minecraft:wooden_pickaxe":1,"minecraft:iron_helmet":1,"minecraft:brown_dye":36,"minecraft:smithing_table":1,"minecraft:spruce_trapdoor":8,"minecraft:iron_chestplate":1,"minecraft:book":22,"minecraft:paper":126,"minecraft:diamond_pickaxe":1,"minecraft:yellow_dye":36,"minecraft:shield":1,"minecraft:stick":24,"minecraft:iron_ingot":250,"minecraft:iron_pickaxe":7,"minecraft:gold_ingot":120,"minecraft:netherite_ingot":8,"minecraft:composter":2,"minecraft:shears":1,"minecraft:furnace":2,"minecraft:flint_and_steel":2,"minecraft:blue_ice":6,"minecraft:iron_axe":1,"minecraft:spruce_slab":18,"minecraft:stone_pickaxe":3,"minecraft:diamond_boots":2,"minecraft:jungle_sapling":8,"minecraft:netherite_scrap":34,"minecraft:golden_helmet":1,"minecraft:cooked_beef":28,"minecraft:crimson_planks":8,"minecraft:netherite_pickaxe":1,"minecraft:diamond_sword":1,"minecraft:cyan_dye":36,"minecraft:iron_sword":2,"minecraft:cooked_salmon":112,"minecraft:bucket":1,"minecraft:enchanted_book":3,"minecraft:air":0,"minecraft:iron_leggings":1,"minecraft:white_bed":4,"minecraft:diamond_chestplate":2},"minecraft:killed":{"minecraft:spider":11,"minecraft:skeleton":20,"minecraft:chicken":6,"minecraft:silverfish":1063,"minecraft:pig":4,"minecraft:salmon":115,"minecraft:creeper":9,"minecraft:trader_llama":2,"minecraft:pillager":2,"minecraft:zombie":46,"minecraft:cow":15,"minecraft:phantom":3,"minecraft:drowned":2,"minecraft:rabbit":1,"minecraft:bat":4,"minecraft:squid":1,"minecraft:villager":5,"minecraft:enderman":1}},"DataVersion":3955}