{"stats":{"minecraft:crafted":{"minecraft:furnace":2,"minecraft:diamond_leggings":1,"minecraft:diamond_helmet":1,"minecraft:iron_boots":1,"minecraft:iron_axe":1,"minecraft:stone_pickaxe":3,"minecraft:chest":23,"minecraft:diamond_boots":1,"minecraft:diamond_sword":1,"minecraft:diamond_axe":1,"minecraft:crafting_table":5,"minecraft:spruce_planks":224,"minecraft:wooden_pickaxe":1,"minecraft:iron_helmet":1,"minecraft:iron_sword":2,"minecraft:cooked_salmon":112,"minecraft:bucket":1,"minecraft:air":0,"minecraft:iron_chestplate":1,"minecraft:diamond_pickaxe":1,"minecraft:shield":1,"minecraft:stick":24,"minecraft:iron_ingot":55,"minecraft:iron_pickaxe":7,"minecraft:iron_leggings":1,"minecraft:diamond_chestplate":1},"minecraft:used":{"minecraft:chest":17,"minecraft:shield":43,"minecraft:iron_sword":327,"minecraft:cooked_salmon":16,"minecraft:rotten_flesh":2,"minecraft:iron_chestplate":1,"minecraft:dirt":66,"minecraft:tuff":38,"minecraft:granite":6,"minecraft:lava_bucket":2,"minecraft:iron_axe":246,"minecraft:iron_helmet":1,"minecraft:iron_boots":1,"minecraft:sweet_berries":3,"minecraft:furnace":8,"minecraft:cobbled_deepslate":20,"minecraft:iron_leggings":1,"minecraft:stone_pickaxe":337,"minecraft:wooden_pickaxe":59,"minecraft:diamond_axe":482,"minecraft:salmon":2,"minecraft:sand":10,"minecraft:crafting_table":9,"minecraft:diamond_pickaxe":14,"minecraft:iron_pickaxe":2538,"minecraft:diamond_sword":104,"minecraft:cobblestone":39,"minecraft:porkchop":1,"minecraft:bucket":3},"minecraft:custom":{"minecraft:mob_kills":196,"minecraft:interact_with_crafting_table":32,"minecraft:leave_game":3,"minecraft:time_since_death":158876,"minecraft:sprint_one_cm":347476,"minecraft:walk_one_cm":215810,"minecraft:damage_blocked_by_shield":1090,"minecraft:drop":64,"minecraft:play_time":158876,"minecraft:sneak_time":746,"minecraft:walk_under_water_one_cm":56035,"minecraft:jump":1321,"minecraft:walk_on_water_one_cm":32470,"minecraft:total_world_time":158876,"minecraft:interact_with_furnace":69,"minecraft:time_since_rest":158876,"minecraft:damage_taken":765,"minecraft:damage_dealt":18458,"minecraft:swim_one_cm":106498,"minecraft:fly_one_cm":118785,"minecraft:open_chest":61,"minecraft:crouch_one_cm":1141,"minecraft:fall_one_cm":11312},"minecraft:broken":{"minecraft:wooden_pickaxe":1,"minecraft:stone_pickaxe":2,"minecraft:iron_axe":1,"minecraft:iron_sword":1,"minecraft:iron_pickaxe":4},"minecraft:dropped":{"minecraft:iron_sword":1,"minecraft:moss_block":2,"minecraft:wheat_seeds":1,"minecraft:diamond_leggings":1,"minecraft:iron_helmet":2,"minecraft:cobblestone":308,"minecraft:granite":50,"minecraft:copper_ingot":1,"minecraft:stick":12,"minecraft:dirt":4,"minecraft:diorite":30,"minecraft:ink_sac":2,"minecraft:diamond_helmet":1,"minecraft:iron_leggings":2,"minecraft:bone_meal":3,"minecraft:flowering_azalea":1,"minecraft:iron_pickaxe":4,"minecraft:bone":2,"minecraft:gravel":9,"minecraft:furnace":4,"minecraft:sweet_berries":1,"minecraft:cobbled_deepslate":111,"minecraft:tuff":22,"minecraft:rotten_flesh":12,"minecraft:iron_boots":3,"minecraft:diamond_chestplate":1,"minecraft:iron_chestplate":2,"minecraft:andesite":24,"minecraft:diamond_boots":1,"minecraft:spruce_log":46,"minecraft:arrow":1,"minecraft:stone_pickaxe":1},"minecraft:killed":{"minecraft:spider":7,"minecraft:phantom":3,"minecraft:skeleton":16,"minecraft:chicken":1,"minecraft:drowned":2,"minecraft:pig":4,"minecraft:salmon":114,"minecraft:rabbit":1,"minecraft:bat":2,"minecraft:creeper":8,"minecraft:squid":1,"minecraft:zombie":35},"minecraft:picked_up":{"minecraft:crafting_table":4,"minecraft:iron_chestplate":1,"minecraft:string":6,"minecraft:iron_leggings":1,"minecraft:diamond_leggings":1,"minecraft:cobbled_deepslate":449,"minecraft:iron_pickaxe":1,"minecraft:chest":1,"minecraft:furnace":10,"minecraft:phantom_membrane":2,"minecraft:iron_boots":2,"minecraft:stick":57,"minecraft:raw_iron":311,"minecraft:copper_ingot":1,"minecraft:porkchop":7,"minecraft:diorite":30,"minecraft:rotten_flesh":27,"minecraft:arrow":4,"minecraft:diamond_chestplate":1,"minecraft:diamond_boots":1,"minecraft:obsidian":1,"minecraft:cobblestone":624,"minecraft:andesite":24,"minecraft:salmon":114,"minecraft:tuff":60,"minecraft:gunpowder":5,"minecraft:lapis_lazuli":26,"minecraft:dirt":71,"minecraft:bone":12,"minecraft:bow":2,"minecraft:wheat_seeds":1,"minecraft:raw_gold":57,"minecraft:iron_ingot":1,"minecraft:diamond_helmet":1,"minecraft:rabbit":1,"minecraft:moss_block":2,"minecraft:flowering_azalea":1,"minecraft:sweet_berries":34,"minecraft:gravel":9,"minecraft:sand":123,"minecraft:spruce_sapling":90,"minecraft:ink_sac":2,"minecraft:spruce_log":726,"minecraft:diamond":345,"minecraft:iron_helmet":1,"minecraft:granite":56,"minecraft:bone_meal":9,"minecraft:coal":99},"minecraft:mined":{"minecraft:diamond_ore":2,"minecraft:tuff":291,"minecraft:deepslate_diamond_ore":197,"minecraft:obsidian":1,"minecraft:granite":70,"minecraft:grass_block":6,"minecraft:spruce_leaves":113,"minecraft:moss_block":2,"minecraft:large_fern":2,"minecraft:furnace":6,"minecraft:iron_ore":158,"minecraft:andesite":25,"minecraft:deepslate_iron_ore":157,"minecraft:stone":595,"minecraft:crafting_table":4,"minecraft:short_grass":2,"minecraft:chest":1,"minecraft:cobblestone":2,"minecraft:lapis_ore":4,"minecraft:deepslate_gold_ore":25,"minecraft:diorite":98,"minecraft:sweet_berry_bush":9,"minecraft:spruce_log":664,"minecraft:coal_ore":51,"minecraft:gravel":9,"minecraft:sand":123,"minecraft:dirt":47,"minecraft:gold_ore":11,"minecraft:deepslate":1204}},"DataVersion":3955}