{"stats":{"minecraft:crafted":{"minecraft:diamond_sword":1,"minecraft:crafting_table":4,"minecraft:spruce_planks":32,"minecraft:wooden_pickaxe":1,"minecraft:iron_helmet":1,"minecraft:iron_sword":2,"minecraft:furnace":2,"minecraft:cooked_salmon":112,"minecraft:bucket":1,"minecraft:air":0,"minecraft:iron_chestplate":1,"minecraft:iron_boots":1,"minecraft:diamond_helmet":1,"minecraft:diamond_leggings":1,"minecraft:diamond_pickaxe":1,"minecraft:shield":1,"minecraft:iron_axe":1,"minecraft:stick":16,"minecraft:iron_ingot":55,"minecraft:iron_pickaxe":7,"minecraft:stone_pickaxe":3,"minecraft:diamond_boots":1,"minecraft:iron_leggings":1,"minecraft:diamond_chestplate":1},"minecraft:used":{"minecraft:stone_pickaxe":337,"minecraft:wooden_pickaxe":59,"minecraft:shield":37,"minecraft:iron_sword":327,"minecraft:cooked_salmon":12,"minecraft:rotten_flesh":2,"minecraft:iron_chestplate":1,"minecraft:salmon":2,"minecraft:dirt":17,"minecraft:crafting_table":7,"minecraft:tuff":38,"minecraft:granite":6,"minecraft:diamond_pickaxe":3,"minecraft:iron_axe":246,"minecraft:iron_pickaxe":2536,"minecraft:iron_helmet":1,"minecraft:iron_boots":1,"minecraft:diamond_sword":25,"minecraft:cobblestone":39,"minecraft:furnace":6,"minecraft:porkchop":1,"minecraft:bucket":1,"minecraft:cobbled_deepslate":20,"minecraft:iron_leggings":1},"minecraft:custom":{"minecraft:interact_with_furnace":68,"minecraft:mob_kills":177,"minecraft:interact_with_crafting_table":29,"minecraft:leave_game":2,"minecraft:time_since_death":119453,"minecraft:time_since_rest":119453,"minecraft:sprint_one_cm":202852,"minecraft:damage_taken":687,"minecraft:walk_one_cm":149246,"minecraft:damage_blocked_by_shield":941,"minecraft:drop":60,"minecraft:damage_dealt":14943,"minecraft:swim_one_cm":104435,"minecraft:fly_one_cm":66131,"minecraft:open_chest":12,"minecraft:play_time":119453,"minecraft:crouch_one_cm":488,"minecraft:sneak_time":376,"minecraft:walk_under_water_one_cm":55947,"minecraft:jump":960,"minecraft:walk_on_water_one_cm":25714,"minecraft:total_world_time":119453,"minecraft:fall_one_cm":6420},"minecraft:broken":{"minecraft:stone_pickaxe":2,"minecraft:iron_axe":1,"minecraft:iron_sword":1,"minecraft:iron_pickaxe":4,"minecraft:wooden_pickaxe":1},"minecraft:dropped":{"minecraft:gravel":9,"minecraft:furnace":4,"minecraft:iron_sword":1,"minecraft:moss_block":2,"minecraft:wheat_seeds":1,"minecraft:cobbled_deepslate":111,"minecraft:tuff":22,"minecraft:diamond_leggings":1,"minecraft:iron_helmet":2,"minecraft:cobblestone":256,"minecraft:rotten_flesh":12,"minecraft:iron_boots":3,"minecraft:granite":50,"minecraft:copper_ingot":1,"minecraft:stick":12,"minecraft:dirt":4,"minecraft:diamond_chestplate":1,"minecraft:diorite":30,"minecraft:ink_sac":2,"minecraft:iron_chestplate":2,"minecraft:andesite":24,"minecraft:diamond_helmet":1,"minecraft:iron_leggings":2,"minecraft:bone_meal":3,"minecraft:diamond_boots":1,"minecraft:flowering_azalea":1,"minecraft:arrow":1,"minecraft:stone_pickaxe":1,"minecraft:iron_pickaxe":3,"minecraft:bone":2},"minecraft:killed":{"minecraft:pig":4,"minecraft:salmon":114,"minecraft:spider":4,"minecraft:bat":2,"minecraft:creeper":6,"minecraft:squid":1,"minecraft:skeleton":14,"minecraft:zombie":27,"minecraft:chicken":1,"minecraft:drowned":2},"minecraft:picked_up":{"minecraft:iron_chestplate":1,"minecraft:crafting_table":3,"minecraft:andesite":24,"minecraft:salmon":114,"minecraft:tuff":60,"minecraft:gunpowder":5,"minecraft:string":4,"minecraft:lapis_lazuli":26,"minecraft:dirt":21,"minecraft:iron_leggings":1,"minecraft:bone":10,"minecraft:bow":2,"minecraft:diamond_leggings":1,"minecraft:wheat_seeds":1,"minecraft:cobbled_deepslate":449,"minecraft:raw_gold":57,"minecraft:iron_ingot":1,"minecraft:iron_pickaxe":1,"minecraft:diamond_helmet":1,"minecraft:moss_block":2,"minecraft:flowering_azalea":1,"minecraft:iron_boots":2,"minecraft:furnace":10,"minecraft:raw_iron":311,"minecraft:stick":25,"minecraft:copper_ingot":1,"minecraft:gravel":9,"minecraft:porkchop":7,"minecraft:spruce_sapling":24,"minecraft:ink_sac":2,"minecraft:diorite":30,"minecraft:spruce_log":247,"minecraft:diamond_chestplate":1,"minecraft:arrow":4,"minecraft:rotten_flesh":22,"minecraft:diamond":345,"minecraft:diamond_boots":1,"minecraft:iron_helmet":1,"minecraft:granite":56,"minecraft:bone_meal":9,"minecraft:coal":99,"minecraft:cobblestone":564},"minecraft:mined":{"minecraft:diamond_ore":2,"minecraft:tuff":291,"minecraft:deepslate_diamond_ore":197,"minecraft:crafting_table":3,"minecraft:short_grass":1,"minecraft:granite":70,"minecraft:grass_block":5,"minecraft:cobblestone":2,"minecraft:spruce_leaves":34,"minecraft:deepslate_gold_ore":25,"minecraft:lapis_ore":4,"minecraft:moss_block":2,"minecraft:diorite":98,"minecraft:large_fern":2,"minecraft:furnace":6,"minecraft:iron_ore":158,"minecraft:spruce_log":249,"minecraft:andesite":25,"minecraft:deepslate_iron_ore":157,"minecraft:coal_ore":51,"minecraft:gravel":9,"minecraft:dirt":20,"minecraft:stone":587,"minecraft:gold_ore":11,"minecraft:deepslate":1204}},"DataVersion":3955}