{"stats":{"minecraft:crafted":{"minecraft:diamond_sword":1,"minecraft:crafting_table":4,"minecraft:spruce_planks":32,"minecraft:iron_helmet":1,"minecraft:wooden_pickaxe":1,"minecraft:iron_sword":2,"minecraft:furnace":2,"minecraft:cooked_salmon":112,"minecraft:bucket":1,"minecraft:air":0,"minecraft:diamond_leggings":1,"minecraft:diamond_helmet":1,"minecraft:iron_chestplate":1,"minecraft:iron_boots":1,"minecraft:diamond_pickaxe":1,"minecraft:shield":1,"minecraft:iron_axe":1,"minecraft:stick":16,"minecraft:iron_ingot":55,"minecraft:iron_pickaxe":7,"minecraft:stone_pickaxe":3,"minecraft:diamond_boots":1,"minecraft:iron_leggings":1,"minecraft:diamond_chestplate":1},"minecraft:used":{"minecraft:stone_pickaxe":337,"minecraft:wooden_pickaxe":59,"minecraft:shield":32,"minecraft:iron_sword":327,"minecraft:cooked_salmon":11,"minecraft:rotten_flesh":2,"minecraft:iron_chestplate":1,"minecraft:salmon":2,"minecraft:dirt":17,"minecraft:crafting_table":7,"minecraft:tuff":38,"minecraft:granite":6,"minecraft:diamond_pickaxe":2,"minecraft:iron_axe":246,"minecraft:iron_pickaxe":2391,"minecraft:iron_helmet":1,"minecraft:iron_boots":1,"minecraft:cobblestone":24,"minecraft:furnace":6,"minecraft:porkchop":1,"minecraft:bucket":1,"minecraft:iron_leggings":1},"minecraft:custom":{"minecraft:interact_with_furnace":68,"minecraft:mob_kills":168,"minecraft:interact_with_crafting_table":29,"minecraft:leave_game":2,"minecraft:time_since_death":115286,"minecraft:time_since_rest":115286,"minecraft:sprint_one_cm":197483,"minecraft:damage_taken":594,"minecraft:walk_one_cm":138583,"minecraft:damage_blocked_by_shield":778,"minecraft:drop":59,"minecraft:damage_dealt":13413,"minecraft:swim_one_cm":100449,"minecraft:fly_one_cm":63514,"minecraft:open_chest":12,"minecraft:crouch_one_cm":488,"minecraft:play_time":115286,"minecraft:sneak_time":375,"minecraft:walk_under_water_one_cm":55907,"minecraft:jump":849,"minecraft:walk_on_water_one_cm":25558,"minecraft:total_world_time":115286,"minecraft:fall_one_cm":5072},"minecraft:broken":{"minecraft:stone_pickaxe":2,"minecraft:iron_axe":1,"minecraft:iron_sword":1,"minecraft:iron_pickaxe":4,"minecraft:wooden_pickaxe":1},"minecraft:dropped":{"minecraft:gravel":9,"minecraft:furnace":4,"minecraft:iron_sword":1,"minecraft:moss_block":2,"minecraft:wheat_seeds":1,"minecraft:cobbled_deepslate":111,"minecraft:tuff":22,"minecraft:iron_helmet":2,"minecraft:diamond_leggings":1,"minecraft:cobblestone":256,"minecraft:rotten_flesh":12,"minecraft:iron_boots":3,"minecraft:granite":50,"minecraft:copper_ingot":1,"minecraft:stick":1,"minecraft:dirt":4,"minecraft:diamond_chestplate":1,"minecraft:diorite":30,"minecraft:ink_sac":2,"minecraft:iron_chestplate":2,"minecraft:andesite":24,"minecraft:diamond_helmet":1,"minecraft:iron_leggings":2,"minecraft:diamond_boots":1,"minecraft:bone_meal":3,"minecraft:flowering_azalea":1,"minecraft:arrow":1,"minecraft:stone_pickaxe":1,"minecraft:iron_pickaxe":3,"minecraft:bone":2},"minecraft:killed":{"minecraft:pig":4,"minecraft:salmon":114,"minecraft:spider":1,"minecraft:bat":1,"minecraft:creeper":6,"minecraft:squid":1,"minecraft:skeleton":10,"minecraft:zombie":26,"minecraft:chicken":1,"minecraft:drowned":2},"minecraft:picked_up":{"minecraft:iron_chestplate":1,"minecraft:crafting_table":3,"minecraft:andesite":24,"minecraft:salmon":114,"minecraft:tuff":60,"minecraft:gunpowder":5,"minecraft:lapis_lazuli":26,"minecraft:dirt":21,"minecraft:string":1,"minecraft:iron_leggings":1,"minecraft:bone":8,"minecraft:bow":2,"minecraft:diamond_leggings":1,"minecraft:wheat_seeds":1,"minecraft:cobbled_deepslate":431,"minecraft:raw_gold":18,"minecraft:iron_ingot":1,"minecraft:diamond_helmet":1,"minecraft:iron_pickaxe":1,"minecraft:moss_block":2,"minecraft:flowering_azalea":1,"minecraft:iron_boots":2,"minecraft:furnace":10,"minecraft:stick":25,"minecraft:raw_iron":311,"minecraft:copper_ingot":1,"minecraft:gravel":9,"minecraft:porkchop":7,"minecraft:ink_sac":2,"minecraft:spruce_sapling":24,"minecraft:diorite":30,"minecraft:spruce_log":247,"minecraft:diamond_chestplate":1,"minecraft:arrow":4,"minecraft:rotten_flesh":22,"minecraft:diamond":326,"minecraft:diamond_boots":1,"minecraft:iron_helmet":1,"minecraft:granite":56,"minecraft:bone_meal":9,"minecraft:coal":99,"minecraft:cobblestone":561},"minecraft:mined":{"minecraft:diamond_ore":2,"minecraft:tuff":276,"minecraft:deepslate_diamond_ore":179,"minecraft:crafting_table":3,"minecraft:granite":70,"minecraft:short_grass":1,"minecraft:grass_block":5,"minecraft:cobblestone":2,"minecraft:spruce_leaves":34,"minecraft:deepslate_gold_ore":7,"minecraft:lapis_ore":4,"minecraft:moss_block":2,"minecraft:diorite":98,"minecraft:large_fern":2,"minecraft:furnace":6,"minecraft:iron_ore":158,"minecraft:spruce_log":249,"minecraft:andesite":25,"minecraft:coal_ore":51,"minecraft:deepslate_iron_ore":157,"minecraft:gravel":9,"minecraft:dirt":16,"minecraft:stone":580,"minecraft:gold_ore":11,"minecraft:deepslate":1120}},"DataVersion":3955}