{"stats":{"minecraft:crafted":{"minecraft:crafting_table":3,"minecraft:spruce_planks":28,"minecraft:iron_helmet":1,"minecraft:wooden_pickaxe":1,"minecraft:iron_sword":2,"minecraft:furnace":2,"minecraft:cooked_salmon":112,"minecraft:bucket":1,"minecraft:air":0,"minecraft:iron_chestplate":1,"minecraft:iron_boots":1,"minecraft:shield":1,"minecraft:iron_axe":1,"minecraft:stick":16,"minecraft:iron_ingot":45,"minecraft:iron_pickaxe":3,"minecraft:stone_pickaxe":3,"minecraft:iron_leggings":1},"minecraft:used":{"minecraft:stone_pickaxe":337,"minecraft:wooden_pickaxe":59,"minecraft:shield":23,"minecraft:iron_sword":282,"minecraft:cooked_salmon":8,"minecraft:rotten_flesh":2,"minecraft:iron_chestplate":1,"minecraft:salmon":2,"minecraft:dirt":17,"minecraft:crafting_table":5,"minecraft:tuff":38,"minecraft:granite":6,"minecraft:iron_axe":246,"minecraft:iron_pickaxe":641,"minecraft:iron_helmet":1,"minecraft:iron_boots":1,"minecraft:cobblestone":22,"minecraft:furnace":4,"minecraft:porkchop":1,"minecraft:bucket":1,"minecraft:iron_leggings":1},"minecraft:custom":{"minecraft:interact_with_furnace":57,"minecraft:mob_kills":156,"minecraft:interact_with_crafting_table":23,"minecraft:leave_game":1,"minecraft:time_since_death":82134,"minecraft:time_since_rest":82134,"minecraft:sprint_one_cm":142182,"minecraft:damage_taken":492,"minecraft:walk_one_cm":107944,"minecraft:damage_blocked_by_shield":535,"minecraft:drop":27,"minecraft:damage_dealt":11139,"minecraft:swim_one_cm":100449,"minecraft:fly_one_cm":60794,"minecraft:open_chest":12,"minecraft:crouch_one_cm":467,"minecraft:play_time":82134,"minecraft:sneak_time":360,"minecraft:walk_under_water_one_cm":55907,"minecraft:jump":553,"minecraft:walk_on_water_one_cm":25558,"minecraft:total_world_time":82134,"minecraft:fall_one_cm":4803},"minecraft:broken":{"minecraft:stone_pickaxe":2,"minecraft:iron_axe":1,"minecraft:iron_sword":1,"minecraft:iron_pickaxe":2,"minecraft:wooden_pickaxe":1},"minecraft:dropped":{"minecraft:gravel":9,"minecraft:moss_block":2,"minecraft:wheat_seeds":1,"minecraft:cobbled_deepslate":18,"minecraft:rotten_flesh":12,"minecraft:granite":50,"minecraft:copper_ingot":1,"minecraft:stick":1,"minecraft:dirt":4,"minecraft:diorite":30,"minecraft:ink_sac":2,"minecraft:andesite":16,"minecraft:bone_meal":3,"minecraft:flowering_azalea":1,"minecraft:arrow":1,"minecraft:stone_pickaxe":1,"minecraft:iron_pickaxe":1,"minecraft:bone":2},"minecraft:killed":{"minecraft:pig":4,"minecraft:salmon":114,"minecraft:spider":1,"minecraft:creeper":3,"minecraft:squid":1,"minecraft:skeleton":8,"minecraft:zombie":21,"minecraft:chicken":1,"minecraft:drowned":2},"minecraft:picked_up":{"minecraft:crafting_table":3,"minecraft:andesite":16,"minecraft:salmon":114,"minecraft:tuff":38,"minecraft:gunpowder":4,"minecraft:lapis_lazuli":26,"minecraft:dirt":21,"minecraft:string":1,"minecraft:bone":7,"minecraft:bow":2,"minecraft:wheat_seeds":1,"minecraft:cobbled_deepslate":90,"minecraft:raw_gold":18,"minecraft:iron_ingot":1,"minecraft:iron_pickaxe":1,"minecraft:moss_block":2,"minecraft:flowering_azalea":1,"minecraft:furnace":4,"minecraft:stick":25,"minecraft:raw_iron":135,"minecraft:copper_ingot":1,"minecraft:gravel":9,"minecraft:porkchop":7,"minecraft:ink_sac":2,"minecraft:spruce_sapling":24,"minecraft:diorite":30,"minecraft:spruce_log":247,"minecraft:arrow":4,"minecraft:rotten_flesh":22,"minecraft:diamond":9,"minecraft:granite":56,"minecraft:bone_meal":9,"minecraft:coal":85,"minecraft:cobblestone":495},"minecraft:mined":{"minecraft:diamond_ore":2,"minecraft:tuff":39,"minecraft:deepslate_diamond_ore":7,"minecraft:crafting_table":3,"minecraft:granite":69,"minecraft:short_grass":1,"minecraft:grass_block":5,"minecraft:cobblestone":1,"minecraft:spruce_leaves":34,"minecraft:deepslate_gold_ore":7,"minecraft:lapis_ore":4,"minecraft:moss_block":2,"minecraft:diorite":52,"minecraft:large_fern":2,"minecraft:furnace":4,"minecraft:iron_ore":133,"minecraft:spruce_log":249,"minecraft:andesite":16,"minecraft:coal_ore":51,"minecraft:deepslate_iron_ore":2,"minecraft:gravel":9,"minecraft:dirt":16,"minecraft:stone":505,"minecraft:gold_ore":11,"minecraft:deepslate":91}},"DataVersion":3955}