{"stats":{"minecraft:crafted":{"minecraft:wooden_sword":1,"minecraft:oak_door":3,"minecraft:oak_planks":352,"minecraft:smooth_stone":3,"minecraft:oak_sign":3,"minecraft:smooth_stone_slab":6,"minecraft:cooked_chicken":4,"minecraft:furnace":3,"minecraft:cobblestone_stairs":88,"minecraft:stone":26,"minecraft:diamond_shovel":1,"minecraft:cooked_mutton":10,"minecraft:glass":6,"minecraft:diamond_helmet":1,"minecraft:diamond_leggings":1,"minecraft:iron_boots":4,"minecraft:stone_pickaxe":3,"minecraft:chest":10,"minecraft:diamond_boots":1,"minecraft:oak_fence":57,"minecraft:cooked_beef":7,"minecraft:diamond_sword":1,"minecraft:cooked_porkchop":8,"minecraft:diamond_axe":1,"minecraft:crafting_table":4,"minecraft:spruce_planks":80,"minecraft:wooden_pickaxe":2,"minecraft:iron_helmet":3,"minecraft:iron_sword":3,"minecraft:blue_bed":2,"minecraft:cooked_salmon":9,"minecraft:air":0,"minecraft:blue_dye":2,"minecraft:oak_fence_gate":2,"minecraft:iron_chestplate":4,"minecraft:diamond_pickaxe":1,"minecraft:shield":1,"minecraft:stick":92,"minecraft:iron_ingot":140,"minecraft:iron_pickaxe":6,"minecraft:stone_sword":1,"minecraft:iron_leggings":4,"minecraft:gold_ingot":21,"minecraft:armor_stand":2,"minecraft:white_bed":2,"minecraft:torch":20,"minecraft:diamond_chestplate":1},"minecraft:used":{"minecraft:oak_fence":56,"minecraft:armor_stand":2,"minecraft:oak_sign":2,"minecraft:chest":10,"minecraft:shield":10,"minecraft:iron_sword":62,"minecraft:cooked_salmon":2,"minecraft:cooked_chicken":4,"minecraft:iron_chestplate":1,"minecraft:oak_door":2,"minecraft:torch":20,"minecraft:dirt":11,"minecraft:tuff":5,"minecraft:oak_fence_gate":2,"minecraft:glass":6,"minecraft:sweet_berries":6,"minecraft:oak_sapling":16,"minecraft:furnace":8,"minecraft:egg":12,"minecraft:cooked_beef":3,"minecraft:cobbled_deepslate":93,"minecraft:cooked_mutton":10,"minecraft:cobblestone_stairs":91,"minecraft:oak_planks":90,"minecraft:stone_pickaxe":355,"minecraft:wooden_pickaxe":12,"minecraft:blue_bed":2,"minecraft:diamond_axe":114,"minecraft:white_wool":1,"minecraft:crafting_table":9,"minecraft:white_bed":3,"minecraft:diamond_pickaxe":840,"minecraft:diamond_shovel":62,"minecraft:iron_pickaxe":993,"minecraft:spruce_sapling":6,"minecraft:gravel":3,"minecraft:diamond_sword":70,"minecraft:wooden_sword":19,"minecraft:cobblestone":248,"minecraft:white_banner":2,"minecraft:cooked_porkchop":4,"minecraft:andesite":23},"minecraft:custom":{"minecraft:mob_kills":61,"minecraft:animals_bred":1,"minecraft:interact_with_crafting_table":75,"minecraft:bell_ring":9,"minecraft:leave_game":2,"minecraft:time_since_death":131620,"minecraft:sprint_one_cm":260755,"minecraft:walk_one_cm":359465,"minecraft:damage_blocked_by_shield":310,"minecraft:drop":48,"minecraft:play_time":158303,"minecraft:deaths":1,"minecraft:sneak_time":432,"minecraft:walk_under_water_one_cm":40732,"minecraft:jump":1142,"minecraft:walk_on_water_one_cm":28125,"minecraft:total_world_time":158303,"minecraft:interact_with_furnace":119,"minecraft:sleep_in_bed":6,"minecraft:time_since_rest":12653,"minecraft:damage_taken":1805,"minecraft:damage_dealt":7804,"minecraft:swim_one_cm":32181,"minecraft:fly_one_cm":167884,"minecraft:open_chest":125,"minecraft:crouch_one_cm":1184,"minecraft:fall_one_cm":19236},"minecraft:broken":{"minecraft:stone_pickaxe":3,"minecraft:iron_pickaxe":3},"minecraft:dropped":{"minecraft:iron_sword":1,"minecraft:feather":7,"minecraft:cobblestone":78,"minecraft:diorite":17,"minecraft:iron_leggings":1,"minecraft:wooden_sword":1,"minecraft:sand":1,"minecraft:gravel":32,"minecraft:stone_sword":1,"minecraft:cobbled_deepslate":122,"minecraft:tuff":95,"minecraft:rotten_flesh":4,"minecraft:iron_boots":1,"minecraft:spruce_planks":2,"minecraft:iron_chestplate":5,"minecraft:wooden_pickaxe":2},"minecraft:killed_by":{"minecraft:zombie":1},"minecraft:killed":{"minecraft:spider":1,"minecraft:skeleton":1,"minecraft:chicken":4,"minecraft:drowned":6,"minecraft:pig":5,"minecraft:salmon":9,"minecraft:creeper":1,"minecraft:squid":1,"minecraft:sheep":6,"minecraft:pillager":1,"minecraft:zombie":21,"minecraft:cow":3},"minecraft:picked_up":{"minecraft:crafting_table":6,"minecraft:iron_chestplate":4,"minecraft:ominous_bottle":1,"minecraft:chicken":4,"minecraft:string":2,"minecraft:cobbled_deepslate":322,"minecraft:spruce_planks":1,"minecraft:beef":7,"minecraft:egg":12,"minecraft:furnace":6,"minecraft:stick":10,"minecraft:raw_iron":149,"minecraft:oak_fence":2,"minecraft:porkchop":8,"minecraft:diorite":68,"minecraft:redstone":56,"minecraft:arrow":2,"minecraft:rotten_flesh":24,"minecraft:mutton":10,"minecraft:white_wool":7,"minecraft:cobblestone":779,"minecraft:feather":7,"minecraft:andesite":55,"minecraft:salmon":9,"minecraft:leather":3,"minecraft:flint":8,"minecraft:tuff":164,"minecraft:oak_log":88,"minecraft:gunpowder":1,"minecraft:cobblestone_stairs":7,"minecraft:lapis_lazuli":64,"minecraft:dirt":54,"minecraft:white_banner":2,"minecraft:apple":1,"minecraft:wheat_seeds":2,"minecraft:raw_gold":21,"minecraft:oak_planks":4,"minecraft:sweet_berries":6,"minecraft:gravel":78,"minecraft:sand":64,"minecraft:spruce_sapling":6,"minecraft:white_bed":3,"minecraft:spruce_log":20,"minecraft:diamond":75,"minecraft:granite":71,"minecraft:oak_sapling":16,"minecraft:coal":187},"minecraft:mined":{"minecraft:tuff":149,"minecraft:white_bed":3,"minecraft:deepslate_diamond_ore":75,"minecraft:cobblestone_stairs":7,"minecraft:granite":71,"minecraft:grass_block":11,"minecraft:spruce_leaves":24,"minecraft:large_fern":1,"minecraft:raw_iron_block":1,"minecraft:furnace":6,"minecraft:iron_ore":102,"minecraft:cobbled_deepslate":8,"minecraft:andesite":55,"minecraft:deepslate_lapis_ore":8,"minecraft:deepslate_iron_ore":48,"minecraft:white_banner":1,"minecraft:stone":781,"minecraft:white_wool":1,"minecraft:deepslate_redstone_ore":12,"minecraft:oak_fence":2,"minecraft:crafting_table":7,"minecraft:short_grass":28,"minecraft:cobblestone":3,"minecraft:lapis_ore":3,"minecraft:deepslate_gold_ore":13,"minecraft:oak_planks":4,"minecraft:diorite":69,"minecraft:sweet_berry_bush":2,"minecraft:spruce_log":20,"minecraft:oak_log":88,"minecraft:coal_ore":122,"minecraft:gravel":55,"minecraft:sand":64,"minecraft:dirt":43,"minecraft:gold_ore":8,"minecraft:oak_leaves":40,"minecraft:deepslate":540,"minecraft:fern":1}},"DataVersion":3955}