{"stats":{"minecraft:crafted":{"minecraft:wooden_sword":1,"minecraft:oak_door":3,"minecraft:oak_planks":352,"minecraft:smooth_stone":3,"minecraft:oak_sign":3,"minecraft:smooth_stone_slab":6,"minecraft:cooked_chicken":4,"minecraft:furnace":9,"minecraft:cobblestone_stairs":100,"minecraft:stone":95,"minecraft:diamond_shovel":1,"minecraft:spruce_fence":9,"minecraft:cooked_mutton":10,"minecraft:glass":88,"minecraft:spruce_stairs":12,"minecraft:diamond_helmet":1,"minecraft:diamond_leggings":1,"minecraft:iron_boots":4,"minecraft:ladder":12,"minecraft:spruce_slab":18,"minecraft:stone_pickaxe":3,"minecraft:chest":18,"minecraft:diamond_boots":1,"minecraft:oak_fence":57,"minecraft:cooked_beef":7,"minecraft:red_dye":2,"minecraft:diamond_sword":1,"minecraft:cooked_porkchop":14,"minecraft:diamond_axe":1,"minecraft:crafting_table":6,"minecraft:spruce_planks":592,"minecraft:wooden_pickaxe":2,"minecraft:iron_helmet":3,"minecraft:iron_sword":3,"minecraft:red_bed":2,"minecraft:blue_bed":2,"minecraft:cooked_salmon":9,"minecraft:bucket":2,"minecraft:painting":3,"minecraft:air":0,"minecraft:blue_dye":2,"minecraft:oak_fence_gate":2,"minecraft:spruce_trapdoor":2,"minecraft:iron_chestplate":4,"minecraft:diamond_pickaxe":2,"minecraft:shield":1,"minecraft:stick":164,"minecraft:iron_ingot":140,"minecraft:iron_pickaxe":6,"minecraft:stone_sword":1,"minecraft:iron_leggings":4,"minecraft:gold_ingot":21,"minecraft:armor_stand":2,"minecraft:white_bed":4,"minecraft:torch":52,"minecraft:shears":1,"minecraft:diamond_chestplate":1},"minecraft:used":{"minecraft:oak_fence":56,"minecraft:armor_stand":2,"minecraft:spruce_slab":17,"minecraft:ladder":12,"minecraft:oak_sign":2,"minecraft:spruce_planks":292,"minecraft:chest":18,"minecraft:shield":10,"minecraft:stone":81,"minecraft:iron_sword":62,"minecraft:cooked_salmon":9,"minecraft:cooked_chicken":4,"minecraft:iron_chestplate":1,"minecraft:oak_door":2,"minecraft:torch":60,"minecraft:dirt":11,"minecraft:spruce_stairs":13,"minecraft:tuff":5,"minecraft:spruce_fence":8,"minecraft:granite":12,"minecraft:oak_fence_gate":2,"minecraft:glass":88,"minecraft:sweet_berries":6,"minecraft:oak_sapling":16,"minecraft:furnace":18,"minecraft:egg":27,"minecraft:cooked_beef":7,"minecraft:cobbled_deepslate":93,"minecraft:cooked_mutton":10,"minecraft:water_bucket":17,"minecraft:cobblestone_stairs":94,"minecraft:oak_planks":90,"minecraft:stone_pickaxe":355,"minecraft:wooden_pickaxe":12,"minecraft:blue_bed":2,"minecraft:diamond_axe":210,"minecraft:white_wool":3,"minecraft:red_bed":6,"minecraft:crafting_table":12,"minecraft:white_bed":3,"minecraft:painting":5,"minecraft:diamond_pickaxe":2236,"minecraft:diamond_shovel":164,"minecraft:iron_pickaxe":993,"minecraft:spruce_trapdoor":2,"minecraft:spruce_sapling":7,"minecraft:gravel":3,"minecraft:diamond_sword":82,"minecraft:wooden_sword":19,"minecraft:cobblestone":372,"minecraft:white_banner":2,"minecraft:cooked_porkchop":6,"minecraft:bucket":17,"minecraft:andesite":23},"minecraft:custom":{"minecraft:mob_kills":61,"minecraft:animals_bred":1,"minecraft:interact_with_crafting_table":97,"minecraft:bell_ring":9,"minecraft:leave_game":2,"minecraft:time_since_death":221620,"minecraft:climb_one_cm":13406,"minecraft:sprint_one_cm":434561,"minecraft:walk_one_cm":641485,"minecraft:damage_blocked_by_shield":310,"minecraft:drop":59,"minecraft:play_time":248303,"minecraft:deaths":1,"minecraft:sneak_time":1439,"minecraft:walk_under_water_one_cm":105712,"minecraft:jump":2007,"minecraft:walk_on_water_one_cm":58797,"minecraft:enchant_item":6,"minecraft:total_world_time":248303,"minecraft:interact_with_furnace":163,"minecraft:interact_with_grindstone":1,"minecraft:sleep_in_bed":8,"minecraft:time_since_rest":11650,"minecraft:damage_taken":2430,"minecraft:damage_dealt":7804,"minecraft:swim_one_cm":46714,"minecraft:fly_one_cm":372359,"minecraft:open_chest":225,"minecraft:crouch_one_cm":2328,"minecraft:fall_one_cm":27869},"minecraft:broken":{"minecraft:stone_pickaxe":3,"minecraft:diamond_pickaxe":1,"minecraft:iron_pickaxe":3},"minecraft:dropped":{"minecraft:iron_sword":1,"minecraft:feather":7,"minecraft:cobblestone":78,"minecraft:diorite":17,"minecraft:iron_leggings":1,"minecraft:wooden_sword":1,"minecraft:sand":1,"minecraft:gravel":32,"minecraft:stone_sword":1,"minecraft:cobbled_deepslate":122,"minecraft:raw_copper":10,"minecraft:tuff":95,"minecraft:raw_iron":1,"minecraft:rotten_flesh":4,"minecraft:iron_boots":1,"minecraft:spruce_planks":2,"minecraft:iron_chestplate":5,"minecraft:wooden_pickaxe":2},"minecraft:killed_by":{"minecraft:zombie":1},"minecraft:killed":{"minecraft:spider":1,"minecraft:skeleton":1,"minecraft:chicken":4,"minecraft:drowned":6,"minecraft:pig":5,"minecraft:salmon":9,"minecraft:creeper":1,"minecraft:squid":1,"minecraft:sheep":6,"minecraft:pillager":1,"minecraft:zombie":21,"minecraft:cow":3},"minecraft:picked_up":{"minecraft:crafting_table":7,"minecraft:iron_chestplate":4,"minecraft:ominous_bottle":1,"minecraft:chicken":4,"minecraft:ladder":1,"minecraft:red_bed":4,"minecraft:string":2,"minecraft:raw_copper":29,"minecraft:cobbled_deepslate":322,"minecraft:spruce_planks":87,"minecraft:beef":7,"minecraft:poppy":2,"minecraft:spruce_slab":6,"minecraft:egg":27,"minecraft:furnace":10,"minecraft:stick":10,"minecraft:raw_iron":150,"minecraft:oak_fence":2,"minecraft:torch":8,"minecraft:spruce_stairs":3,"minecraft:porkchop":8,"minecraft:diorite":72,"minecraft:redstone":56,"minecraft:arrow":2,"minecraft:rotten_flesh":24,"minecraft:mutton":10,"minecraft:white_wool":21,"minecraft:cobblestone":2077,"minecraft:feather":7,"minecraft:andesite":58,"minecraft:salmon":9,"minecraft:leather":3,"minecraft:flint":15,"minecraft:tuff":164,"minecraft:oak_log":88,"minecraft:gunpowder":1,"minecraft:cobblestone_stairs":7,"minecraft:lapis_lazuli":64,"minecraft:dirt":54,"minecraft:white_banner":2,"minecraft:apple":1,"minecraft:wheat_seeds":2,"minecraft:raw_gold":21,"minecraft:oak_planks":4,"minecraft:sweet_berries":6,"minecraft:gravel":145,"minecraft:sand":127,"minecraft:spruce_sapling":7,"minecraft:white_bed":3,"minecraft:spruce_log":20,"minecraft:diamond":75,"minecraft:painting":2,"minecraft:granite":91,"minecraft:oak_sapling":16,"minecraft:coal":221},"minecraft:mined":{"minecraft:spruce_planks":86,"minecraft:tuff":149,"minecraft:white_bed":3,"minecraft:deepslate_diamond_ore":75,"minecraft:cobblestone_stairs":7,"minecraft:ladder":1,"minecraft:granite":91,"minecraft:grass_block":11,"minecraft:spruce_leaves":28,"minecraft:large_fern":1,"minecraft:raw_iron_block":1,"minecraft:furnace":10,"minecraft:iron_ore":103,"minecraft:cobbled_deepslate":8,"minecraft:andesite":58,"minecraft:deepslate_lapis_ore":8,"minecraft:deepslate_iron_ore":48,"minecraft:white_banner":1,"minecraft:stone":2039,"minecraft:white_wool":3,"minecraft:spruce_slab":6,"minecraft:deepslate_redstone_ore":12,"minecraft:red_bed":4,"minecraft:oak_fence":2,"minecraft:crafting_table":8,"minecraft:short_grass":29,"minecraft:poppy":2,"minecraft:glass":1,"minecraft:copper_ore":8,"minecraft:cobblestone":46,"minecraft:lapis_ore":3,"minecraft:deepslate_gold_ore":13,"minecraft:oak_planks":4,"minecraft:diorite":73,"minecraft:wall_torch":7,"minecraft:spruce_stairs":3,"minecraft:sweet_berry_bush":2,"minecraft:spruce_log":20,"minecraft:oak_log":88,"minecraft:coal_ore":156,"minecraft:gravel":129,"minecraft:sand":128,"minecraft:dirt":43,"minecraft:gold_ore":8,"minecraft:oak_leaves":40,"minecraft:deepslate":540,"minecraft:fern":1}},"DataVersion":3955}