{"stats":{"minecraft:mined":{"minecraft:spruce_planks":86,"minecraft:tuff":149,"minecraft:white_bed":3,"minecraft:deepslate_diamond_ore":75,"minecraft:cobblestone_stairs":7,"minecraft:spruce_trapdoor":3,"minecraft:ladder":2,"minecraft:granite":91,"minecraft:grass_block":11,"minecraft:spruce_leaves":28,"minecraft:large_fern":5,"minecraft:tall_seagrass":1,"minecraft:raw_iron_block":1,"minecraft:furnace":12,"minecraft:iron_ore":103,"minecraft:cobbled_deepslate":8,"minecraft:andesite":61,"minecraft:deepslate_lapis_ore":8,"minecraft:deepslate_iron_ore":48,"minecraft:white_banner":1,"minecraft:stone":2063,"minecraft:white_wool":3,"minecraft:spruce_slab":6,"minecraft:deepslate_redstone_ore":12,"minecraft:red_bed":4,"minecraft:oak_fence":2,"minecraft:crafting_table":12,"minecraft:short_grass":31,"minecraft:poppy":2,"minecraft:chest":12,"minecraft:glass":1,"minecraft:copper_ore":8,"minecraft:cobblestone":46,"minecraft:lapis_ore":3,"minecraft:deepslate_gold_ore":13,"minecraft:oak_planks":5,"minecraft:diorite":73,"minecraft:wall_torch":8,"minecraft:blue_bed":6,"minecraft:seagrass":6,"minecraft:spruce_stairs":3,"minecraft:sweet_berry_bush":2,"minecraft:spruce_log":20,"minecraft:oak_log":88,"minecraft:coal_ore":156,"minecraft:gravel":129,"minecraft:sand":128,"minecraft:dirt":43,"minecraft:gold_ore":8,"minecraft:oak_leaves":161,"minecraft:deepslate":540,"minecraft:fern":1},"minecraft:broken":{"minecraft:stone_pickaxe":3,"minecraft:diamond_pickaxe":1,"minecraft:iron_pickaxe":3},"minecraft:custom":{"minecraft:mob_kills":61,"minecraft:animals_bred":1,"minecraft:interact_with_crafting_table":102,"minecraft:bell_ring":9,"minecraft:leave_game":3,"minecraft:time_since_death":250161,"minecraft:climb_one_cm":21606,"minecraft:sprint_one_cm":499088,"minecraft:damage_blocked_by_shield":310,"minecraft:walk_one_cm":743116,"minecraft:drop":59,"minecraft:play_time":276844,"minecraft:sneak_time":1617,"minecraft:deaths":1,"minecraft:walk_under_water_one_cm":112101,"minecraft:jump":2273,"minecraft:interact_with_brewingstand":4,"minecraft:walk_on_water_one_cm":63158,"minecraft:enchant_item":6,"minecraft:total_world_time":276844,"minecraft:interact_with_furnace":166,"minecraft:interact_with_grindstone":1,"minecraft:sleep_in_bed":9,"minecraft:time_since_rest":17130,"minecraft:damage_taken":2532,"minecraft:damage_dealt":7804,"minecraft:swim_one_cm":67424,"minecraft:fly_one_cm":436088,"minecraft:open_chest":298,"minecraft:crouch_one_cm":2562,"minecraft:fall_one_cm":32232,"minecraft:inspect_dispenser":1},"minecraft:used":{"minecraft:oak_fence":56,"minecraft:armor_stand":4,"minecraft:spruce_slab":17,"minecraft:ladder":13,"minecraft:oak_sign":2,"minecraft:chest":34,"minecraft:spruce_planks":292,"minecraft:shield":10,"minecraft:stone":81,"minecraft:iron_sword":62,"minecraft:cooked_salmon":9,"minecraft:cooked_chicken":4,"minecraft:oak_door":2,"minecraft:iron_chestplate":1,"minecraft:torch":61,"minecraft:dirt":11,"minecraft:spruce_stairs":13,"minecraft:tuff":5,"minecraft:granite":12,"minecraft:spruce_fence":8,"minecraft:oak_fence_gate":2,"minecraft:glass":88,"minecraft:sweet_berries":6,"minecraft:oak_sapling":16,"minecraft:furnace":20,"minecraft:egg":42,"minecraft:cooked_beef":7,"minecraft:cobbled_deepslate":93,"minecraft:cooked_mutton":10,"minecraft:water_bucket":17,"minecraft:cobblestone_stairs":94,"minecraft:oak_planks":91,"minecraft:stone_pickaxe":355,"minecraft:wooden_pickaxe":12,"minecraft:blue_bed":8,"minecraft:diamond_axe":227,"minecraft:oak_leaves":93,"minecraft:white_wool":3,"minecraft:red_bed":6,"minecraft:crafting_table":16,"minecraft:white_bed":3,"minecraft:painting":22,"minecraft:shears":121,"minecraft:diamond_pickaxe":2274,"minecraft:diamond_shovel":164,"minecraft:iron_pickaxe":993,"minecraft:spruce_trapdoor":5,"minecraft:spruce_sapling":7,"minecraft:gravel":3,"minecraft:diamond_sword":82,"minecraft:wooden_sword":19,"minecraft:cobblestone":372,"minecraft:white_banner":2,"minecraft:cooked_porkchop":8,"minecraft:andesite":26,"minecraft:bucket":17},"minecraft:dropped":{"minecraft:iron_sword":1,"minecraft:feather":7,"minecraft:cobblestone":78,"minecraft:diorite":17,"minecraft:iron_leggings":1,"minecraft:wooden_sword":1,"minecraft:sand":1,"minecraft:gravel":32,"minecraft:stone_sword":1,"minecraft:cobbled_deepslate":122,"minecraft:raw_copper":10,"minecraft:tuff":95,"minecraft:raw_iron":1,"minecraft:rotten_flesh":4,"minecraft:iron_boots":1,"minecraft:spruce_planks":2,"minecraft:iron_chestplate":5,"minecraft:wooden_pickaxe":2},"minecraft:picked_up":{"minecraft:iron_chestplate":6,"minecraft:crafting_table":11,"minecraft:ominous_bottle":2,"minecraft:chicken":4,"minecraft:ladder":2,"minecraft:string":4,"minecraft:red_bed":4,"minecraft:raw_copper":29,"minecraft:smooth_stone_slab":4,"minecraft:iron_leggings":2,"minecraft:armor_stand":2,"minecraft:oak_sign":1,"minecraft:cobbled_deepslate":429,"minecraft:spruce_planks":88,"minecraft:beef":7,"minecraft:poppy":2,"minecraft:spruce_slab":6,"minecraft:chest":12,"minecraft:spruce_trapdoor":3,"minecraft:furnace":12,"minecraft:iron_boots":2,"minecraft:egg":42,"minecraft:stick":13,"minecraft:raw_iron":150,"minecraft:stone":1,"minecraft:oak_door":1,"minecraft:oak_fence":5,"minecraft:torch":9,"minecraft:spruce_stairs":3,"minecraft:porkchop":8,"minecraft:diorite":79,"minecraft:redstone":56,"minecraft:arrow":2,"minecraft:rotten_flesh":40,"minecraft:mutton":10,"minecraft:white_wool":21,"minecraft:cobblestone":2996,"minecraft:feather":7,"minecraft:andesite":90,"minecraft:salmon":9,"minecraft:leather":6,"minecraft:flint":22,"minecraft:tuff":228,"minecraft:oak_log":88,"minecraft:gunpowder":2,"minecraft:cobblestone_stairs":11,"minecraft:lapis_lazuli":64,"minecraft:dirt":76,"minecraft:blue_bed":6,"minecraft:white_banner":2,"minecraft:apple":2,"minecraft:wheat_seeds":2,"minecraft:raw_gold":21,"minecraft:oak_planks":5,"minecraft:sweet_berries":6,"minecraft:gravel":210,"minecraft:sand":164,"minecraft:spruce_sapling":7,"minecraft:white_bed":3,"minecraft:spruce_log":20,"minecraft:diamond":75,"minecraft:iron_helmet":2,"minecraft:granite":130,"minecraft:painting":18,"minecraft:oak_sapling":16,"minecraft:oak_leaves":116,"minecraft:coal":221},"minecraft:crafted":{"minecraft:wooden_sword":1,"minecraft:oak_door":3,"minecraft:smooth_stone":3,"minecraft:oak_planks":352,"minecraft:oak_sign":3,"minecraft:smooth_stone_slab":6,"minecraft:cooked_chicken":4,"minecraft:furnace":9,"minecraft:stone":95,"minecraft:cobblestone_stairs":100,"minecraft:diamond_shovel":1,"minecraft:spruce_fence":9,"minecraft:cooked_mutton":10,"minecraft:glass":88,"minecraft:spruce_stairs":12,"minecraft:diamond_helmet":1,"minecraft:diamond_leggings":1,"minecraft:iron_boots":4,"minecraft:ladder":12,"minecraft:spruce_slab":18,"minecraft:stone_pickaxe":3,"minecraft:chest":22,"minecraft:diamond_boots":1,"minecraft:oak_fence":57,"minecraft:cooked_beef":7,"minecraft:red_dye":2,"minecraft:diamond_sword":1,"minecraft:cooked_porkchop":14,"minecraft:diamond_axe":1,"minecraft:crafting_table":6,"minecraft:spruce_planks":592,"minecraft:iron_helmet":3,"minecraft:wooden_pickaxe":2,"minecraft:iron_sword":3,"minecraft:red_bed":2,"minecraft:blue_bed":2,"minecraft:cooked_salmon":9,"minecraft:bucket":2,"minecraft:painting":4,"minecraft:air":0,"minecraft:blue_dye":2,"minecraft:oak_fence_gate":2,"minecraft:spruce_trapdoor":2,"minecraft:iron_chestplate":4,"minecraft:diamond_pickaxe":2,"minecraft:shield":1,"minecraft:stick":188,"minecraft:iron_ingot":140,"minecraft:iron_pickaxe":6,"minecraft:stone_sword":1,"minecraft:gold_ingot":21,"minecraft:iron_leggings":4,"minecraft:armor_stand":2,"minecraft:white_bed":4,"minecraft:torch":52,"minecraft:shears":1,"minecraft:diamond_chestplate":1},"minecraft:killed_by":{"minecraft:zombie":1},"minecraft:killed":{"minecraft:spider":1,"minecraft:skeleton":1,"minecraft:chicken":4,"minecraft:drowned":6,"minecraft:pig":5,"minecraft:salmon":9,"minecraft:creeper":1,"minecraft:squid":1,"minecraft:sheep":6,"minecraft:pillager":1,"minecraft:zombie":21,"minecraft:cow":3}},"DataVersion":3955}