{"stats":{"minecraft:mined":{"minecraft:nether_gold_ore":10,"minecraft:spruce_planks":86,"minecraft:tuff":149,"minecraft:white_bed":3,"minecraft:deepslate_diamond_ore":75,"minecraft:cobblestone_stairs":7,"minecraft:obsidian":52,"minecraft:spruce_trapdoor":3,"minecraft:ladder":2,"minecraft:granite":91,"minecraft:grass_block":11,"minecraft:crimson_roots":10,"minecraft:cracked_polished_blackstone_bricks":1,"minecraft:weeping_vines":4,"minecraft:spruce_leaves":30,"minecraft:red_mushroom":14,"minecraft:crimson_fungus":3,"minecraft:crimson_stem":25,"minecraft:gilded_blackstone":3,"minecraft:large_fern":5,"minecraft:polished_blackstone_bricks":16,"minecraft:weeping_vines_plant":15,"minecraft:tall_seagrass":1,"minecraft:raw_iron_block":1,"minecraft:magma_block":65,"minecraft:glowstone":43,"minecraft:furnace":12,"minecraft:iron_ore":103,"minecraft:fire":15,"minecraft:cobbled_deepslate":8,"minecraft:andesite":61,"minecraft:deepslate_lapis_ore":8,"minecraft:shroomlight":15,"minecraft:deepslate_iron_ore":48,"minecraft:lantern":7,"minecraft:stone":2064,"minecraft:white_banner":1,"minecraft:white_wool":3,"minecraft:spruce_slab":6,"minecraft:deepslate_redstone_ore":12,"minecraft:brown_mushroom":2,"minecraft:red_bed":4,"minecraft:blackstone":3,"minecraft:spruce_door":1,"minecraft:crimson_nylium":16,"minecraft:basalt":13,"minecraft:torch":1,"minecraft:oak_fence":2,"minecraft:crafting_table":12,"minecraft:short_grass":31,"minecraft:poppy":2,"minecraft:chest":12,"minecraft:nether_quartz_ore":94,"minecraft:glass":1,"minecraft:copper_ore":8,"minecraft:cobblestone":78,"minecraft:deepslate_gold_ore":13,"minecraft:lapis_ore":3,"minecraft:oak_planks":5,"minecraft:diorite":73,"minecraft:blue_bed":6,"minecraft:wall_torch":14,"minecraft:spruce_stairs":3,"minecraft:seagrass":6,"minecraft:nether_wart_block":13,"minecraft:sweet_berry_bush":2,"minecraft:spruce_log":20,"minecraft:warped_fungus":1,"minecraft:coal_ore":156,"minecraft:oak_log":88,"minecraft:gravel":129,"minecraft:dirt":44,"minecraft:sand":128,"minecraft:netherrack":171,"minecraft:gold_ore":8,"minecraft:deepslate":540,"minecraft:oak_leaves":164,"minecraft:fern":1},"minecraft:broken":{"minecraft:stone_pickaxe":3,"minecraft:diamond_pickaxe":1,"minecraft:iron_pickaxe":3},"minecraft:custom":{"minecraft:mob_kills":304,"minecraft:animals_bred":1,"minecraft:interact_with_crafting_table":105,"minecraft:bell_ring":10,"minecraft:leave_game":4,"minecraft:time_since_death":326044,"minecraft:climb_one_cm":27713,"minecraft:damage_blocked_by_shield":345,"minecraft:walk_one_cm":970908,"minecraft:sprint_one_cm":691699,"minecraft:drop":62,"minecraft:talked_to_villager":1,"minecraft:play_time":352727,"minecraft:sneak_time":4549,"minecraft:deaths":1,"minecraft:walk_under_water_one_cm":112101,"minecraft:jump":3478,"minecraft:interact_with_brewingstand":4,"minecraft:walk_on_water_one_cm":63158,"minecraft:enchant_item":6,"minecraft:total_world_time":352727,"minecraft:interact_with_furnace":187,"minecraft:interact_with_grindstone":1,"minecraft:sleep_in_bed":9,"minecraft:time_since_rest":93013,"minecraft:damage_taken":3324,"minecraft:damage_dealt":11717,"minecraft:swim_one_cm":67424,"minecraft:fly_one_cm":696560,"minecraft:open_chest":378,"minecraft:crouch_one_cm":15392,"minecraft:inspect_dispenser":1,"minecraft:fall_one_cm":56042},"minecraft:used":{"minecraft:oak_fence":56,"minecraft:armor_stand":4,"minecraft:spruce_slab":17,"minecraft:oak_sign":2,"minecraft:ladder":13,"minecraft:chest":34,"minecraft:spruce_planks":296,"minecraft:shield":11,"minecraft:iron_sword":62,"minecraft:stone":82,"minecraft:cooked_salmon":9,"minecraft:oak_door":2,"minecraft:cooked_chicken":5,"minecraft:netherrack":27,"minecraft:iron_chestplate":1,"minecraft:torch":62,"minecraft:dirt":11,"minecraft:spruce_stairs":13,"minecraft:tuff":5,"minecraft:granite":12,"minecraft:spruce_fence":8,"minecraft:obsidian":116,"minecraft:oak_fence_gate":2,"minecraft:glass":88,"minecraft:lantern":6,"minecraft:glowstone":1,"minecraft:sweet_berries":6,"minecraft:oak_sapling":16,"minecraft:furnace":20,"minecraft:egg":60,"minecraft:cooked_beef":17,"minecraft:cobbled_deepslate":93,"minecraft:cooked_mutton":10,"minecraft:water_bucket":17,"minecraft:cobblestone_stairs":94,"minecraft:spruce_door":2,"minecraft:oak_planks":91,"minecraft:stone_pickaxe":355,"minecraft:wooden_pickaxe":12,"minecraft:blue_bed":8,"minecraft:diamond_axe":258,"minecraft:oak_leaves":116,"minecraft:white_wool":3,"minecraft:red_bed":6,"minecraft:crafting_table":16,"minecraft:white_bed":3,"minecraft:painting":22,"minecraft:shears":121,"minecraft:diamond_pickaxe":2855,"minecraft:diamond_shovel":164,"minecraft:iron_pickaxe":993,"minecraft:spruce_trapdoor":5,"minecraft:spruce_sapling":7,"minecraft:gravel":3,"minecraft:diamond_sword":321,"minecraft:wooden_sword":19,"minecraft:cobblestone":465,"minecraft:white_banner":2,"minecraft:cooked_porkchop":11,"minecraft:andesite":26,"minecraft:bucket":17},"minecraft:dropped":{"minecraft:iron_sword":1,"minecraft:warped_fungus":1,"minecraft:feather":7,"minecraft:cobblestone":78,"minecraft:diorite":17,"minecraft:iron_leggings":1,"minecraft:wooden_sword":1,"minecraft:sand":1,"minecraft:gravel":32,"minecraft:blackstone":3,"minecraft:raw_copper":10,"minecraft:stone_sword":1,"minecraft:cobbled_deepslate":122,"minecraft:tuff":95,"minecraft:raw_iron":1,"minecraft:rotten_flesh":4,"minecraft:iron_boots":1,"minecraft:glowstone_dust":1,"minecraft:spruce_planks":2,"minecraft:iron_chestplate":5,"minecraft:wooden_pickaxe":2},"minecraft:picked_up":{"minecraft:iron_chestplate":6,"minecraft:crafting_table":11,"minecraft:ominous_bottle":2,"minecraft:chicken":5,"minecraft:ladder":2,"minecraft:brown_mushroom":2,"minecraft:gilded_blackstone":2,"minecraft:golden_sword":1,"minecraft:string":4,"minecraft:red_bed":4,"minecraft:raw_copper":29,"minecraft:smooth_stone_slab":4,"minecraft:iron_leggings":2,"minecraft:armor_stand":2,"minecraft:blackstone":3,"minecraft:shroomlight":15,"minecraft:oak_sign":1,"minecraft:gold_nugget":42,"minecraft:cobbled_deepslate":429,"minecraft:spruce_planks":88,"minecraft:beef":18,"minecraft:poppy":2,"minecraft:spruce_slab":6,"minecraft:chest":12,"minecraft:spruce_trapdoor":3,"minecraft:furnace":12,"minecraft:iron_boots":2,"minecraft:egg":60,"minecraft:stick":13,"minecraft:raw_iron":150,"minecraft:stone":1,"minecraft:oak_door":1,"minecraft:oak_fence":5,"minecraft:torch":16,"minecraft:spruce_stairs":3,"minecraft:porkchop":15,"minecraft:polished_blackstone_bricks":16,"minecraft:golden_axe":1,"minecraft:diorite":79,"minecraft:redstone":56,"minecraft:arrow":2,"minecraft:weeping_vines":14,"minecraft:rotten_flesh":40,"minecraft:obsidian":52,"minecraft:mutton":10,"minecraft:white_wool":21,"minecraft:cobblestone":3026,"minecraft:magma_block":61,"minecraft:feather":7,"minecraft:basalt":13,"minecraft:salmon":9,"minecraft:crimson_stem":25,"minecraft:andesite":90,"minecraft:leather":9,"minecraft:red_mushroom":14,"minecraft:flint":22,"minecraft:crimson_fungus":3,"minecraft:tuff":228,"minecraft:oak_log":88,"minecraft:nether_wart_block":11,"minecraft:gunpowder":2,"minecraft:cobblestone_stairs":11,"minecraft:lapis_lazuli":64,"minecraft:dirt":76,"minecraft:blue_bed":6,"minecraft:lantern":6,"minecraft:white_banner":2,"minecraft:apple":2,"minecraft:wheat_seeds":2,"minecraft:raw_gold":21,"minecraft:glowstone_dust":130,"minecraft:oak_planks":5,"minecraft:warped_fungus":1,"minecraft:sweet_berries":6,"minecraft:quartz":93,"minecraft:gravel":210,"minecraft:sand":164,"minecraft:spruce_sapling":7,"minecraft:white_bed":3,"minecraft:spruce_log":20,"minecraft:spruce_door":1,"minecraft:diamond":75,"minecraft:cracked_polished_blackstone_bricks":1,"minecraft:iron_helmet":2,"minecraft:granite":130,"minecraft:painting":18,"minecraft:oak_sapling":16,"minecraft:netherrack":148,"minecraft:coal":221,"minecraft:oak_leaves":116,"minecraft:crimson_roots":13},"minecraft:crafted":{"minecraft:wooden_sword":1,"minecraft:oak_door":3,"minecraft:smooth_stone":3,"minecraft:oak_planks":352,"minecraft:oak_sign":3,"minecraft:smooth_stone_slab":6,"minecraft:cooked_chicken":5,"minecraft:furnace":9,"minecraft:stone":96,"minecraft:cobblestone_stairs":100,"minecraft:diamond_shovel":1,"minecraft:spruce_fence":9,"minecraft:cooked_mutton":10,"minecraft:glass":88,"minecraft:quartz_block":23,"minecraft:spruce_stairs":12,"minecraft:diamond_helmet":1,"minecraft:diamond_leggings":1,"minecraft:iron_boots":4,"minecraft:ladder":12,"minecraft:spruce_slab":18,"minecraft:stone_pickaxe":3,"minecraft:chest":22,"minecraft:diamond_boots":1,"minecraft:oak_fence":57,"minecraft:cooked_beef":18,"minecraft:red_dye":2,"minecraft:diamond_sword":1,"minecraft:cooked_porkchop":21,"minecraft:diamond_axe":1,"minecraft:crafting_table":6,"minecraft:spruce_planks":592,"minecraft:iron_helmet":3,"minecraft:wooden_pickaxe":2,"minecraft:iron_sword":3,"minecraft:spruce_door":3,"minecraft:red_bed":2,"minecraft:blue_bed":2,"minecraft:cooked_salmon":9,"minecraft:bucket":2,"minecraft:glowstone":32,"minecraft:painting":4,"minecraft:air":0,"minecraft:blue_dye":2,"minecraft:oak_fence_gate":2,"minecraft:spruce_trapdoor":2,"minecraft:iron_chestplate":4,"minecraft:diamond_pickaxe":2,"minecraft:shield":1,"minecraft:stick":188,"minecraft:iron_ingot":140,"minecraft:iron_pickaxe":6,"minecraft:stone_sword":1,"minecraft:gold_ingot":21,"minecraft:iron_leggings":4,"minecraft:armor_stand":2,"minecraft:white_bed":4,"minecraft:torch":52,"minecraft:shears":1,"minecraft:diamond_chestplate":1},"minecraft:killed_by":{"minecraft:zombie":1},"minecraft:killed":{"minecraft:spider":1,"minecraft:skeleton":1,"minecraft:chicken":5,"minecraft:silverfish":210,"minecraft:drowned":6,"minecraft:piglin_brute":1,"minecraft:magma_cube":13,"minecraft:piglin":6,"minecraft:pig":5,"minecraft:salmon":9,"minecraft:hoglin":4,"minecraft:creeper":1,"minecraft:squid":1,"minecraft:sheep":6,"minecraft:pillager":1,"minecraft:zombie":21,"minecraft:cow":9}},"DataVersion":3955}